src_account_id,dst_account_id,amount,ts
A00000,A00102,187.43302365725367,2024-01-29 14:46:00+00:00
A00000,A00182,135.1044597281426,2023-12-07 14:36:00+00:00
A00000,A00105,83.83175271477077,2023-11-29 11:10:00+00:00
A00000,A00174,50.0,2023-12-20 04:06:00+00:00
A00000,A00174,50.0,2023-11-18 06:17:00+00:00
A00000,A00033,121.11990899964142,2024-02-03 02:07:00+00:00
A00000,A00182,52.59584105621614,2023-10-23 09:35:00+00:00
A00000,A00107,171.89502377632226,2024-03-26 12:44:00+00:00
A00000,A00121,50.0,2024-02-21 13:41:00+00:00
A00000,A00070,51.2841767581908,2023-10-09 13:15:00+00:00
A00000,A00042,67.99644532082542,2024-03-05 17:39:00+00:00
A00000,A00035,64.06754902184528,2024-03-13 09:08:00+00:00
A00000,A00054,50.0,2023-11-01 03:35:00+00:00
A00000,A00003,70.3555146370826,2023-10-22 05:03:00+00:00
A00000,A00161,90.32926275426229,2024-02-12 04:27:00+00:00
A00000,A00033,61.487875348806455,2023-12-05 16:00:00+00:00
A00000,A00011,58.426736906198755,2024-03-09 23:28:00+00:00
A00000,A00073,88.38881109166907,2023-11-29 15:06:00+00:00
A00001,A00129,21.224364471871958,2023-10-21 23:50:00+00:00
A00001,A00080,16.199612254994985,2023-12-07 11:37:00+00:00
A00002,A00195,11.92359610975235,2023-10-10 20:58:00+00:00
A00002,A00156,38.98729540293251,2023-10-08 05:43:00+00:00
A00002,A00163,25.13658455736522,2024-03-27 19:47:00+00:00
A00002,A00137,19.31021360310416,2023-10-29 21:56:00+00:00
A00003,A00016,17.064724353850977,2024-01-02 12:40:00+00:00
A00003,A00085,102.20622266445554,2023-12-24 18:20:00+00:00
A00003,A00186,24.435107859851087,2023-11-08 01:34:00+00:00
A00003,A00127,18.87309525127403,2024-01-24 10:59:00+00:00
A00003,A00082,13.109930926284802,2023-12-29 12:20:00+00:00
A00003,A00098,19.942631488202277,2023-12-13 09:15:00+00:00
A00003,A00024,9.773490120810964,2023-12-24 04:04:00+00:00
A00003,A00150,22.980794080855592,2024-02-17 08:15:00+00:00
A00003,A00056,49.74118629146928,2023-12-13 15:10:00+00:00
A00003,A00075,24.588809659632584,2024-02-04 10:48:00+00:00
A00003,A00073,21.010793744091885,2024-02-01 18:13:00+00:00
A00003,A00006,20.933802938039165,2023-10-18 01:17:00+00:00
A00004,A00121,50.0,2023-11-09 23:33:00+00:00
A00004,A00108,50.0,2024-01-20 09:04:00+00:00
A00004,A00144,50.0,2023-10-16 19:10:00+00:00
A00004,A00121,101.09562183014421,2024-03-13 23:17:00+00:00
A00004,A00089,50.0,2023-12-01 20:28:00+00:00
A00004,A00033,50.0,2023-10-05 13:49:00+00:00
A00004,A00033,65.92612951383433,2023-11-01 19:18:00+00:00
A00004,A00091,61.65879754830445,2023-11-14 19:09:00+00:00
A00004,A00033,67.63234838700674,2023-12-13 18:13:00+00:00
A00004,A00174,50.0,2023-10-28 06:35:00+00:00
A00004,A00172,51.13429919084615,2023-10-18 02:12:00+00:00
A00004,A00011,50.0,2023-10-12 14:43:00+00:00
A00004,A00169,106.77097977799257,2023-11-08 13:18:00+00:00
A00004,A00053,79.48453668632872,2023-12-15 20:37:00+00:00
A00004,A00161,166.3146972009989,2024-01-22 15:35:00+00:00
A00004,A00057,50.0,2023-11-14 17:29:00+00:00
A00005,A00154,23.828396218188495,2023-11-26 16:32:00+00:00
A00005,A00156,51.32025043505229,2023-10-22 02:52:00+00:00
A00005,A00045,46.63458728785821,2024-02-23 13:44:00+00:00
A00005,A00193,8.455713314495993,2024-02-16 12:57:00+00:00
A00006,A00032,19.029825619687266,2024-03-19 16:46:00+00:00
A00006,A00176,43.10119099170989,2023-12-31 10:18:00+00:00
A00006,A00084,14.762749430675141,2023-10-07 20:10:00+00:00
A00007,A00005,41.185725753871424,2023-10-11 20:43:00+00:00
A00007,A00196,42.86761567364997,2023-10-10 13:56:00+00:00
A00007,A00082,23.481884242031597,2024-01-11 08:48:00+00:00
A00007,A00084,11.77748649965551,2023-11-03 07:46:00+00:00
A00007,A00172,18.705362687653494,2024-01-13 21:32:00+00:00
A00008,A00038,22.672819836456338,2024-01-31 23:17:00+00:00
A00008,A00002,55.907551504605934,2023-12-07 07:54:00+00:00
A00008,A00049,21.867170571694306,2023-12-16 05:24:00+00:00
A00008,A00056,35.75258567915535,2024-03-03 10:56:00+00:00
A00009,A00084,89.1012931019202,2023-11-13 07:34:00+00:00
A00009,A00033,61.259995479621054,2024-03-15 01:37:00+00:00
A00009,A00004,73.25976208243453,2024-03-29 01:54:00+00:00
A00009,A00051,153.1582414940899,2023-12-07 14:16:00+00:00
A00009,A00000,50.0,2024-02-07 08:41:00+00:00
A00009,A00132,61.613781677619365,2023-12-13 15:56:00+00:00
A00009,A00000,58.93541837278838,2023-11-10 06:43:00+00:00
A00009,A00004,63.53960185914164,2023-11-23 00:37:00+00:00
A00009,A00101,56.00006440338796,2023-11-03 06:02:00+00:00
A00010,A00094,10.116879941410238,2024-01-06 06:02:00+00:00
A00010,A00117,12.755633003257712,2023-12-29 09:07:00+00:00
A00011,A00102,62.59089626680281,2023-12-22 02:39:00+00:00
A00011,A00174,64.69371087723808,2024-03-02 18:57:00+00:00
A00011,A00102,50.0,2023-10-19 00:21:00+00:00
A00011,A00114,50.0,2024-03-06 18:21:00+00:00
A00011,A00070,60.81063859001346,2023-12-05 19:05:00+00:00
A00011,A00072,50.0,2024-02-01 00:53:00+00:00
A00011,A00035,50.0,2024-03-18 21:30:00+00:00
A00011,A00060,50.0,2024-03-02 22:43:00+00:00
A00011,A00000,50.0,2023-12-19 07:17:00+00:00
A00011,A00033,50.0,2024-01-13 15:40:00+00:00
A00011,A00078,50.0,2024-03-19 17:59:00+00:00
A00011,A00091,50.0,2023-10-29 19:58:00+00:00
A00012,A00118,32.599976846821505,2023-12-19 03:16:00+00:00
A00012,A00027,14.537238909338203,2023-11-05 06:35:00+00:00
A00012,A00024,11.695755499843829,2023-12-14 15:12:00+00:00
A00012,A00013,46.69190539023781,2024-02-22 06:26:00+00:00
A00013,A00186,31.21253816881681,2023-11-24 13:43:00+00:00
A00013,A00058,20.365564621499875,2024-02-11 18:08:00+00:00
A00013,A00180,21.406245800224294,2024-01-20 23:17:00+00:00
A00013,A00020,15.973722822980301,2024-01-20 20:51:00+00:00
A00013,A00093,14.687599037682608,2024-02-10 00:10:00+00:00
A00013,A00189,13.272684343230999,2024-01-21 01:58:00+00:00
A00013,A00136,15.293308814178953,2024-01-11 01:58:00+00:00
A00013,A00130,5.7466681757498925,2023-11-25 00:03:00+00:00
A00013,A00151,28.284702216591562,2024-01-28 11:42:00+00:00
A00013,A00005,24.413265057962427,2023-12-27 08:03:00+00:00
A00014,A00193,50.0,2023-10-03 14:06:00+00:00
A00014,A00174,78.2420544925183,2024-01-06 12:21:00+00:00
A00014,A00067,50.0,2023-12-05 20:02:00+00:00
A00014,A00196,50.0,2023-12-14 14:17:00+00:00
A00014,A00037,50.0,2023-10-04 06:28:00+00:00
A00014,A00057,75.88036431313289,2023-12-27 23:01:00+00:00
A00014,A00054,50.0,2023-11-29 01:40:00+00:00
A00014,A00121,65.10293551015536,2024-01-25 21:39:00+00:00
A00014,A00072,50.0,2023-12-17 14:32:00+00:00
A00014,A00142,50.0,2024-03-07 03:41:00+00:00
A00014,A00072,50.0,2024-03-09 02:05:00+00:00
A00014,A00177,55.851005225694365,2024-02-20 04:24:00+00:00
A00014,A00091,50.0,2023-12-28 10:10:00+00:00
A00014,A00063,90.0773942579026,2023-10-08 13:27:00+00:00
A00015,A00061,52.073308570734454,2023-10-17 07:31:00+00:00
A00015,A00054,91.90251110409152,2024-02-23 03:18:00+00:00
A00015,A00031,50.0,2024-01-10 07:46:00+00:00
A00015,A00096,50.0,2024-01-15 06:48:00+00:00
A00015,A00169,122.22485075119988,2024-02-02 15:50:00+00:00
A00015,A00016,51.4890279195331,2023-11-18 21:06:00+00:00
A00015,A00091,70.98858690706439,2023-12-09 02:46:00+00:00
A00015,A00041,54.76754886189465,2023-11-21 12:44:00+00:00
A00015,A00035,50.0,2024-01-08 13:58:00+00:00
A00015,A00102,50.0,2023-11-16 18:44:00+00:00
A00016,A00140,13.132339015206206,2024-01-18 11:42:00+00:00
A00016,A00046,38.22491323354065,2023-11-16 23:32:00+00:00
A00016,A00156,16.08168779916359,2023-10-12 23:42:00+00:00
A00016,A00067,32.52227240392169,2024-01-13 11:10:00+00:00
A00016,A00114,32.680505033049045,2024-01-29 13:38:00+00:00
A00016,A00163,8.8807939366309,2024-03-11 18:12:00+00:00
A00017,A00110,23.115009315784004,2023-12-05 17:11:00+00:00
A00017,A00059,12.964793438124106,2024-02-27 04:31:00+00:00
A00017,A00067,22.249178904492993,2024-02-15 21:56:00+00:00
A00017,A00119,14.860045442807342,2023-11-10 07:36:00+00:00
A00017,A00050,38.510255562959884,2024-03-15 06:52:00+00:00
A00017,A00039,17.03658595326461,2024-03-12 15:53:00+00:00
A00017,A00109,15.87680559589724,2024-02-04 00:35:00+00:00
A00017,A00181,15.851860951963271,2024-02-07 22:45:00+00:00
A00018,A00179,32.32825155284414,2023-10-30 05:44:00+00:00
A00018,A00116,12.709875757821028,2023-11-16 06:11:00+00:00
A00018,A00024,22.715598364905563,2024-03-11 10:01:00+00:00
A00018,A00074,19.43861055794612,2023-10-09 00:26:00+00:00
A00019,A00198,30.075433644947076,2024-02-20 05:07:00+00:00
A00019,A00197,14.025095938422902,2023-10-16 06:17:00+00:00
A00019,A00155,31.593259969715184,2024-01-13 07:13:00+00:00
A00019,A00048,17.5588071285326,2023-12-09 04:11:00+00:00
A00019,A00062,11.550596095420447,2024-02-23 10:04:00+00:00
A00020,A00061,15.076978783104192,2024-03-02 01:16:00+00:00
A00020,A00029,15.280393398465165,2023-11-22 14:07:00+00:00
A00020,A00167,8.798947748281735,2023-10-29 13:38:00+00:00
A00020,A00174,28.51616532106691,2024-03-29 11:29:00+00:00
A00020,A00193,9.324643730995222,2023-10-10 23:25:00+00:00
A00021,A00109,81.28945913139978,2023-12-26 00:33:00+00:00
A00021,A00123,37.006799761755076,2024-02-09 06:58:00+00:00
A00021,A00186,6.772282761863288,2023-11-15 21:50:00+00:00
A00021,A00071,21.10210690508698,2023-11-22 04:18:00+00:00
A00021,A00050,18.81825533229407,2024-01-18 19:12:00+00:00
A00021,A00091,16.855200362889473,2023-10-27 05:51:00+00:00
A00022,A00073,17.910586708086637,2024-03-27 21:26:00+00:00
A00022,A00160,23.642986359918343,2024-01-23 20:11:00+00:00
A00022,A00081,10.745028815043474,2024-01-08 01:37:00+00:00
A00022,A00128,15.465913754921012,2023-12-13 15:05:00+00:00
A00022,A00129,33.93695752101007,2023-12-07 21:54:00+00:00
A00022,A00118,29.31724134135844,2024-02-25 17:09:00+00:00
A00022,A00136,9.909439892592365,2024-01-01 11:13:00+00:00
A00022,A00052,22.32057131200025,2024-03-17 23:49:00+00:00
A00023,A00013,19.137379110344494,2024-02-25 10:16:00+00:00
A00023,A00039,13.502147034860748,2023-10-19 11:52:00+00:00
A00023,A00021,45.16778049410342,2024-01-01 11:22:00+00:00
A00023,A00003,34.86601712157648,2023-11-10 23:33:00+00:00
A00023,A00145,35.72006898339032,2024-03-28 20:47:00+00:00
A00023,A00084,20.002989081642372,2024-01-20 12:49:00+00:00
A00024,A00026,39.62969906689091,2024-03-15 20:08:00+00:00
A00024,A00030,22.82861669493577,2024-03-09 01:15:00+00:00
A00024,A00052,32.83009062600245,2023-11-23 12:22:00+00:00
A00024,A00137,18.55889622520545,2023-12-04 04:43:00+00:00
A00025,A00114,30.063043417392993,2024-02-25 14:49:00+00:00
A00025,A00028,9.374491957016339,2023-12-04 05:19:00+00:00
A00025,A00163,13.474250265072165,2024-03-05 09:20:00+00:00
A00025,A00186,26.762013614315673,2024-01-22 00:01:00+00:00
A00025,A00054,8.357949660084198,2024-01-18 02:22:00+00:00
A00026,A00080,72.24349361272913,2023-11-17 20:17:00+00:00
A00026,A00153,19.14363051539863,2024-03-15 13:53:00+00:00
A00026,A00072,21.975379419072006,2023-10-26 14:48:00+00:00
A00026,A00060,16.9891323110539,2024-02-22 20:58:00+00:00
A00026,A00103,9.216762537654818,2023-11-03 09:06:00+00:00
A00027,A00178,16.441511403279048,2024-03-01 09:01:00+00:00
A00028,A00100,10.384621973182442,2024-01-02 22:53:00+00:00
A00029,A00031,17.937211154329454,2023-10-29 03:21:00+00:00
A00029,A00015,30.242323005300893,2023-11-03 02:53:00+00:00
A00029,A00078,21.47573787762771,2024-01-08 03:32:00+00:00
A00029,A00006,25.111348257106417,2024-02-28 23:13:00+00:00
A00029,A00058,18.053937626085904,2024-03-07 22:46:00+00:00
A00029,A00081,39.57971308234698,2023-11-17 22:30:00+00:00
A00029,A00016,5.174562290746799,2023-12-04 05:33:00+00:00
A00029,A00158,31.535923881151387,2024-02-10 16:44:00+00:00
A00029,A00097,7.345155633181181,2024-02-28 00:02:00+00:00
A00029,A00036,5.670806117528115,2023-10-19 07:50:00+00:00
A00029,A00107,38.43962597351814,2024-01-30 11:50:00+00:00
A00030,A00169,16.13784549023977,2024-01-11 16:31:00+00:00
A00030,A00122,11.098749589622779,2023-10-30 18:14:00+00:00
A00030,A00045,37.02470806427854,2023-11-14 23:56:00+00:00
A00030,A00061,14.271779200984437,2023-11-23 08:52:00+00:00
A00030,A00184,9.000638366281951,2024-01-09 09:28:00+00:00
A00030,A00009,26.680333924653187,2023-12-15 04:13:00+00:00
A00030,A00152,23.184570186161526,2024-01-09 12:48:00+00:00
A00030,A00176,7.080830323907801,2023-10-04 10:10:00+00:00
A00031,A00142,43.608419800758355,2024-03-09 16:11:00+00:00
A00031,A00186,12.192524031789084,2023-11-01 20:41:00+00:00
A00031,A00036,32.85688129464028,2023-12-31 02:21:00+00:00
A00031,A00087,18.047471247757766,2024-03-15 23:38:00+00:00
A00031,A00061,11.457436431877744,2023-11-27 20:35:00+00:00
A00031,A00003,24.317709552838952,2024-02-09 02:34:00+00:00
A00031,A00071,21.828710617360272,2023-11-01 01:24:00+00:00
A00032,A00168,25.69318115540851,2024-01-21 00:48:00+00:00
A00032,A00002,25.38813011996561,2023-11-23 05:41:00+00:00
A00032,A00046,25.896165013000207,2023-11-18 00:22:00+00:00
A00033,A00002,50.0,2023-10-08 01:27:00+00:00
A00033,A00088,65.35010786569298,2024-02-12 11:52:00+00:00
A00033,A00100,50.0,2023-11-17 06:00:00+00:00
A00033,A00004,50.0,2023-10-21 00:11:00+00:00
A00033,A00169,66.36213007614302,2023-11-06 19:06:00+00:00
A00033,A00034,149.32463932701862,2023-10-26 10:22:00+00:00
A00033,A00078,50.0,2024-03-07 18:13:00+00:00
A00033,A00175,131.20155362720837,2024-01-04 02:52:00+00:00
A00033,A00080,77.05325922878083,2023-12-31 02:42:00+00:00
A00033,A00004,50.0,2023-11-21 19:19:00+00:00
A00033,A00101,50.0,2024-03-23 07:43:00+00:00
A00033,A00096,126.31671294349051,2024-03-09 06:18:00+00:00
A00033,A00168,50.0,2024-01-20 06:44:00+00:00
A00034,A00022,13.856339098593416,2023-11-26 08:09:00+00:00
A00034,A00137,15.31833440046611,2023-11-01 12:54:00+00:00
A00034,A00158,27.645017780675087,2023-12-06 01:21:00+00:00
A00034,A00099,43.97643548597913,2023-12-05 15:39:00+00:00
A00034,A00038,23.844522859782984,2023-11-24 13:53:00+00:00
A00034,A00012,22.09937956195529,2024-01-26 05:04:00+00:00
A00035,A00101,50.0,2024-03-30 16:02:00+00:00
A00035,A00011,51.91616521779012,2024-01-31 07:59:00+00:00
A00035,A00155,115.17721795048881,2024-03-10 16:27:00+00:00
A00035,A00072,50.0,2024-03-30 16:58:00+00:00
A00035,A00121,50.22204108319595,2023-12-27 23:17:00+00:00
A00035,A00117,91.56306568801338,2023-12-21 15:22:00+00:00
A00035,A00013,50.0,2024-01-28 02:39:00+00:00
A00035,A00163,86.67800541623505,2023-10-21 19:23:00+00:00
A00035,A00009,125.8700172101894,2024-02-01 14:56:00+00:00
A00036,A00038,38.448891545946104,2024-01-14 03:54:00+00:00
A00036,A00115,21.196581843119983,2024-02-06 10:07:00+00:00
A00036,A00129,13.989143897921238,2024-02-24 16:10:00+00:00
A00036,A00026,28.950074129748614,2023-11-08 18:10:00+00:00
A00036,A00080,24.91375653418149,2024-03-30 19:16:00+00:00
A00036,A00186,22.683863939788957,2024-02-08 01:23:00+00:00
A00036,A00005,16.91423924465862,2023-10-06 21:46:00+00:00
A00036,A00000,43.5802792940752,2023-10-11 22:17:00+00:00
A00037,A00024,25.821592605457436,2024-01-18 00:11:00+00:00
A00037,A00026,47.485060631966164,2024-03-11 09:43:00+00:00
A00037,A00059,22.98483564497392,2024-02-18 21:08:00+00:00
A00038,A00092,17.9030624033905,2023-11-29 13:19:00+00:00
A00038,A00171,37.50974942090738,2023-11-19 18:00:00+00:00
A00038,A00198,25.67973818572218,2023-10-11 00:16:00+00:00
A00039,A00116,9.711266937214617,2024-01-22 16:31:00+00:00
A00039,A00071,53.65978048969741,2024-03-30 00:52:00+00:00
A00039,A00017,12.572212202878077,2023-12-29 19:26:00+00:00
A00039,A00094,45.12340241633929,2023-12-16 01:41:00+00:00
A00039,A00031,36.87661109568001,2023-11-07 13:15:00+00:00
A00040,A00144,29.108851240309324,2023-10-30 10:19:00+00:00
A00040,A00120,17.087067551721436,2024-03-19 17:57:00+00:00
A00040,A00085,20.569343256508542,2023-12-08 21:47:00+00:00
A00041,A00001,33.50084298827807,2024-02-29 06:21:00+00:00
A00041,A00160,21.02669601823492,2024-03-03 14:04:00+00:00
A00041,A00115,10.047401734161312,2024-02-27 07:33:00+00:00
A00042,A00105,50.0,2023-10-09 07:18:00+00:00
A00042,A00103,103.50431078674919,2024-01-03 08:37:00+00:00
A00042,A00153,77.84971284828642,2024-01-01 13:26:00+00:00
A00042,A00040,67.96099843246027,2024-01-20 06:41:00+00:00
A00042,A00083,56.60465531752353,2024-01-11 11:41:00+00:00
A00042,A00126,98.53742639197982,2024-02-22 12:09:00+00:00
A00042,A00153,50.327908430688495,2024-03-27 03:07:00+00:00
A00042,A00011,50.0,2023-11-26 23:08:00+00:00
A00042,A00146,50.0,2024-01-15 22:14:00+00:00
A00042,A00101,61.17271720525084,2023-11-20 20:06:00+00:00
A00042,A00121,50.0,2023-10-16 22:09:00+00:00
A00042,A00011,50.0,2023-11-27 06:01:00+00:00
A00042,A00102,50.0,2024-03-14 14:52:00+00:00
A00042,A00169,50.0,2024-02-21 09:33:00+00:00
A00042,A00185,50.0,2024-01-02 16:28:00+00:00
A00043,A00097,34.44419288286634,2023-10-21 01:37:00+00:00
A00043,A00163,19.702504610463933,2023-12-28 13:57:00+00:00
A00043,A00038,27.83130424646643,2023-11-01 07:49:00+00:00
A00043,A00124,9.132175270699824,2023-12-31 01:47:00+00:00
A00043,A00130,42.0252309518911,2023-11-30 22:38:00+00:00
A00043,A00098,40.04667613048884,2024-03-30 18:01:00+00:00
A00043,A00007,45.99323106278762,2024-01-10 01:13:00+00:00
A00043,A00171,9.297919486986945,2024-02-16 21:33:00+00:00
A00044,A00129,22.96814840407915,2023-11-14 13:12:00+00:00
A00044,A00027,14.058001312678527,2023-11-18 23:29:00+00:00
A00044,A00162,10.513490711465579,2024-01-17 05:59:00+00:00
A00044,A00183,35.88837380817536,2024-03-10 01:07:00+00:00
A00044,A00045,13.688052616347322,2024-02-07 07:05:00+00:00
A00044,A00194,13.734698442097889,2023-10-26 04:37:00+00:00
A00044,A00013,14.944575518980109,2023-11-25 04:59:00+00:00
A00044,A00093,7.567837725268358,2023-10-16 18:16:00+00:00
A00045,A00120,8.860803990513785,2023-10-13 19:23:00+00:00
A00045,A00164,36.70253146907601,2024-03-06 05:36:00+00:00
A00045,A00119,24.07870430655444,2024-02-17 17:50:00+00:00
A00045,A00133,38.450405881120666,2024-01-02 10:51:00+00:00
A00045,A00188,17.101880564209196,2023-10-03 04:41:00+00:00
A00046,A00058,16.03056936867805,2024-03-15 03:16:00+00:00
A00046,A00160,14.963564784534814,2023-12-24 19:53:00+00:00
A00047,A00049,20.179068943320082,2023-11-14 12:12:00+00:00
A00047,A00184,9.279129636197455,2023-10-07 13:30:00+00:00
A00047,A00177,25.8345964491307,2023-10-09 07:50:00+00:00
A00048,A00079,20.73717847067631,2023-12-26 15:03:00+00:00
A00048,A00084,21.33384901431348,2023-12-27 10:08:00+00:00
A00048,A00007,15.971111034489132,2023-12-28 09:18:00+00:00
A00049,A00071,14.925658001369243,2024-01-27 20:40:00+00:00
A00049,A00045,21.984171829765145,2023-11-26 22:54:00+00:00
A00049,A00141,29.249723969605935,2023-10-16 13:08:00+00:00
A00049,A00047,13.656093588977592,2023-10-28 00:59:00+00:00
A00049,A00193,23.296756848637646,2023-12-13 19:29:00+00:00
A00049,A00191,33.200710843399804,2024-01-20 22:00:00+00:00
A00049,A00076,17.704343027512007,2024-03-01 03:42:00+00:00
A00049,A00067,37.02506266706729,2023-11-18 16:03:00+00:00
A00049,A00101,28.420670224656917,2023-10-05 20:34:00+00:00
A00050,A00142,39.214932611402354,2023-12-11 18:54:00+00:00
A00050,A00148,44.397667757731135,2024-02-24 23:46:00+00:00
A00050,A00059,60.709224468094014,2024-01-08 05:19:00+00:00
A00050,A00034,35.02261013953325,2024-01-17 14:35:00+00:00
A00050,A00101,21.864119105562924,2024-03-26 14:37:00+00:00
A00050,A00073,14.153218632219597,2023-10-20 17:37:00+00:00
A00050,A00173,96.63910651489302,2023-10-07 11:51:00+00:00
A00051,A00011,20.41997363261808,2023-10-18 00:36:00+00:00
A00051,A00047,33.49128366946555,2024-03-17 22:38:00+00:00
A00051,A00042,68.02506248101344,2024-03-05 06:07:00+00:00
A00052,A00050,13.777236560067285,2024-01-06 04:44:00+00:00
A00052,A00195,17.455633994736402,2023-10-07 23:11:00+00:00
A00052,A00116,12.252186935752642,2024-02-21 07:42:00+00:00
A00052,A00155,11.567568243744452,2024-01-23 13:22:00+00:00
A00052,A00135,31.790207528291152,2023-12-17 02:57:00+00:00
A00052,A00001,9.15911628127323,2024-02-02 06:08:00+00:00
A00052,A00076,12.289635971325518,2024-03-24 02:50:00+00:00
A00052,A00006,17.951674993851917,2023-12-21 04:14:00+00:00
A00052,A00107,21.17217359157495,2023-10-05 12:54:00+00:00
A00053,A00054,10.308690244220063,2024-03-16 22:56:00+00:00
A00053,A00171,21.38334293296426,2024-02-24 06:18:00+00:00
A00053,A00140,16.20463365517582,2024-02-27 02:30:00+00:00
A00053,A00149,20.582270197102474,2024-03-07 08:40:00+00:00
A00053,A00025,20.497354839550507,2023-10-28 23:04:00+00:00
A00054,A00055,50.0,2024-03-12 12:41:00+00:00
A00054,A00057,70.16331473008407,2023-12-18 20:01:00+00:00
A00054,A00099,133.18562448818787,2023-11-17 14:41:00+00:00
A00054,A00182,50.0,2023-12-30 13:56:00+00:00
A00054,A00091,50.0,2023-11-27 22:12:00+00:00
A00054,A00182,86.13902349234546,2023-11-19 11:48:00+00:00
A00054,A00198,50.0,2024-01-20 22:05:00+00:00
A00054,A00184,52.49147285617967,2023-10-08 03:41:00+00:00
A00054,A00091,121.92029866946908,2023-12-28 10:17:00+00:00
A00054,A00073,77.77027659873536,2023-12-30 02:48:00+00:00
A00054,A00023,62.89016847975301,2024-03-05 10:14:00+00:00
A00054,A00035,118.75208182002982,2023-12-19 07:35:00+00:00
A00054,A00163,50.0,2024-01-09 00:58:00+00:00
A00054,A00073,50.0,2023-12-22 03:15:00+00:00
A00054,A00033,51.43256576720154,2023-11-11 06:29:00+00:00
A00054,A00091,50.0,2024-03-29 11:33:00+00:00
A00055,A00171,28.43153596443645,2024-03-29 00:33:00+00:00
A00055,A00029,53.1581492621569,2023-11-09 01:23:00+00:00
A00055,A00007,13.296699034576319,2024-03-20 13:24:00+00:00
A00056,A00120,21.774072598662194,2023-12-28 19:02:00+00:00
A00056,A00143,19.88549457927128,2023-11-28 13:17:00+00:00
A00056,A00022,24.332331621518577,2023-12-13 08:27:00+00:00
A00056,A00114,20.83216898904697,2024-03-10 00:24:00+00:00
A00057,A00157,71.38208359604494,2023-12-05 19:18:00+00:00
A00057,A00015,50.0,2024-03-29 03:08:00+00:00
A00057,A00114,50.0,2023-10-07 00:22:00+00:00
A00057,A00004,50.0,2024-02-04 06:16:00+00:00
A00057,A00009,50.0,2023-12-30 18:10:00+00:00
A00057,A00161,58.522223913411295,2023-10-10 05:02:00+00:00
A00057,A00100,50.0,2024-03-04 18:27:00+00:00
A00057,A00169,76.08635294314857,2023-12-02 17:48:00+00:00
A00057,A00000,50.0,2023-11-03 06:33:00+00:00
A00057,A00133,50.0,2023-10-31 02:21:00+00:00
A00057,A00015,50.0,2023-10-19 19:46:00+00:00
A00057,A00004,68.53625625944677,2023-12-28 17:05:00+00:00
A00057,A00107,50.0,2023-10-23 19:44:00+00:00
A00057,A00013,50.0,2024-01-26 12:50:00+00:00
A00057,A00104,78.18404967880868,2024-02-20 13:00:00+00:00
A00057,A00157,79.0814062050969,2023-10-25 02:22:00+00:00
A00058,A00133,5.0,2023-12-23 12:47:00+00:00
A00058,A00092,20.584259970516495,2024-03-06 11:34:00+00:00
A00058,A00030,17.897298745785392,2023-10-30 17:22:00+00:00
A00058,A00004,18.052398638957662,2024-03-24 22:57:00+00:00
A00058,A00125,42.32437107234733,2024-03-12 23:06:00+00:00
A00058,A00177,21.6354620187184,2024-01-19 09:44:00+00:00
A00058,A00082,16.970168601094066,2023-11-03 04:56:00+00:00
A00059,A00079,32.09271459700775,2023-11-04 12:51:00+00:00
A00059,A00102,42.97699964736422,2023-11-10 01:43:00+00:00
A00059,A00016,13.924128313116908,2024-02-18 19:40:00+00:00
A00060,A00006,14.142211450019998,2024-03-08 23:22:00+00:00
A00060,A00091,10.397051048935129,2024-03-14 13:16:00+00:00
A00060,A00085,19.34769531148507,2023-11-20 02:12:00+00:00
A00060,A00182,15.055521479649187,2023-12-23 05:41:00+00:00
A00060,A00078,5.498519388617757,2024-03-17 20:36:00+00:00
A00060,A00137,12.222418983439454,2024-03-05 05:24:00+00:00
A00061,A00180,26.83480179630053,2023-12-11 22:09:00+00:00
A00061,A00172,18.89366250577463,2024-02-08 08:16:00+00:00
A00062,A00051,16.15810370262089,2023-10-29 00:47:00+00:00
A00062,A00081,6.351249119093354,2023-10-21 01:55:00+00:00
A00062,A00156,16.079209786901654,2024-01-15 19:49:00+00:00
A00062,A00041,23.160423683218355,2023-11-09 01:12:00+00:00
A00062,A00191,22.27682568390861,2024-01-24 18:56:00+00:00
A00063,A00027,40.66159367156594,2024-01-21 21:14:00+00:00
A00063,A00199,36.86415121202356,2024-01-18 07:44:00+00:00
A00063,A00078,18.88003861676075,2023-11-11 05:32:00+00:00
A00063,A00068,32.722868600050866,2023-10-23 21:51:00+00:00
A00063,A00171,54.96483536536757,2024-02-19 23:08:00+00:00
A00063,A00199,21.504617199475483,2023-11-14 07:20:00+00:00
A00063,A00086,16.732270571410808,2023-12-27 14:47:00+00:00
A00064,A00157,50.0,2024-02-02 04:09:00+00:00
A00064,A00057,91.85840770052762,2024-03-14 02:46:00+00:00
A00064,A00050,50.0,2024-01-21 13:30:00+00:00
A00064,A00072,91.05124617565961,2024-01-05 19:11:00+00:00
A00064,A00169,68.81157598618336,2023-11-26 17:35:00+00:00
A00064,A00042,81.25794584824048,2023-12-30 19:36:00+00:00
A00064,A00177,50.0,2024-03-05 06:26:00+00:00
A00064,A00035,50.0,2024-02-25 05:12:00+00:00
A00065,A00094,18.94044476688943,2023-11-20 06:39:00+00:00
A00065,A00031,11.74215663177397,2024-01-13 18:17:00+00:00
A00065,A00014,24.098189252003678,2023-12-28 22:40:00+00:00
A00065,A00167,13.269673860307917,2023-11-20 16:39:00+00:00
A00065,A00058,22.21683378109885,2024-02-08 14:05:00+00:00
A00065,A00123,11.504774079419064,2024-02-25 01:23:00+00:00
A00065,A00157,16.701696105097987,2024-01-11 22:43:00+00:00
A00066,A00174,30.53218434492464,2023-12-29 05:08:00+00:00
A00066,A00125,13.372191935206876,2023-11-27 09:11:00+00:00
A00066,A00045,31.32133329079985,2024-01-12 03:23:00+00:00
A00066,A00085,28.997931989702387,2023-11-12 06:45:00+00:00
A00066,A00088,19.159795993828727,2023-12-24 19:26:00+00:00
A00066,A00179,19.24119156824065,2024-01-19 06:50:00+00:00
A00066,A00049,20.393973185798767,2023-10-17 06:47:00+00:00
A00067,A00029,9.526066914532661,2024-01-06 03:18:00+00:00
A00067,A00107,38.2780405144324,2024-01-22 17:18:00+00:00
A00067,A00135,28.123082365357458,2023-10-31 16:41:00+00:00
A00067,A00185,18.09233506226386,2023-12-08 00:41:00+00:00
A00067,A00097,13.127900478421283,2024-03-18 10:50:00+00:00
A00067,A00009,29.359186628098147,2024-02-26 06:50:00+00:00
A00068,A00089,26.895074000684403,2024-03-27 13:45:00+00:00
A00068,A00053,30.371273000444457,2024-01-12 16:51:00+00:00
A00068,A00074,29.931197662738683,2024-01-27 13:03:00+00:00
A00068,A00069,13.34854335216221,2023-12-16 16:19:00+00:00
A00069,A00102,7.049380116128533,2024-02-12 13:08:00+00:00
A00069,A00037,16.494208484448812,2024-01-28 06:36:00+00:00
A00069,A00019,16.347695229341255,2024-02-12 10:56:00+00:00
A00069,A00118,20.379375533683827,2023-11-20 00:02:00+00:00
A00070,A00057,85.21593813185072,2023-10-28 12:07:00+00:00
A00070,A00161,117.17536925298832,2024-02-13 02:35:00+00:00
A00070,A00048,114.14570018078325,2023-11-19 20:46:00+00:00
A00070,A00107,84.82239335229559,2024-01-17 04:09:00+00:00
A00070,A00158,74.36591463423728,2024-03-22 06:27:00+00:00
A00070,A00182,50.0,2024-01-06 08:48:00+00:00
A00070,A00014,50.0,2023-12-10 20:14:00+00:00
A00071,A00197,23.380215066626274,2024-01-07 19:21:00+00:00
A00071,A00049,10.091103859110211,2023-11-04 12:50:00+00:00
A00071,A00106,21.55145051263517,2023-11-30 05:00:00+00:00
A00071,A00050,8.296056797027447,2023-10-19 04:04:00+00:00
A00071,A00146,15.910539465000172,2024-02-27 21:38:00+00:00
A00071,A00068,9.048947624517911,2023-11-15 14:52:00+00:00
A00071,A00063,25.966313238752274,2024-03-21 00:09:00+00:00
A00071,A00191,15.38894785734465,2024-03-26 02:44:00+00:00
A00071,A00099,19.811103185515375,2023-12-07 20:48:00+00:00
A00072,A00070,129.4572820008775,2024-03-20 02:35:00+00:00
A00072,A00104,70.78507454969375,2023-11-03 16:03:00+00:00
A00072,A00000,93.33171119817798,2024-02-22 19:55:00+00:00
A00072,A00107,50.0,2023-10-16 15:55:00+00:00
A00072,A00137,50.0,2024-01-24 15:43:00+00:00
A00072,A00054,50.0,2023-11-01 00:40:00+00:00
A00072,A00000,68.6109173951581,2024-03-08 14:02:00+00:00
A00072,A00174,50.0,2023-10-14 20:33:00+00:00
A00072,A00073,71.53817827554285,2024-03-29 12:53:00+00:00
A00072,A00159,51.844374165857026,2024-02-24 19:26:00+00:00
A00072,A00148,50.0,2023-11-07 03:21:00+00:00
A00072,A00119,76.0023357918711,2024-01-15 00:57:00+00:00
A00072,A00068,50.0,2024-03-24 05:10:00+00:00
A00072,A00000,50.0,2023-11-15 06:12:00+00:00
A00072,A00188,50.0,2023-12-04 20:56:00+00:00
A00072,A00015,50.0,2023-12-31 19:50:00+00:00
A00072,A00032,50.0,2023-11-15 01:52:00+00:00
A00073,A00176,50.0,2024-02-25 04:53:00+00:00
A00073,A00074,50.0,2023-10-12 03:00:00+00:00
A00073,A00107,58.08665123650155,2023-11-17 13:53:00+00:00
A00073,A00178,76.8888524720336,2024-01-10 23:56:00+00:00
A00073,A00075,50.0,2023-10-24 06:51:00+00:00
A00073,A00091,50.0,2023-11-18 17:03:00+00:00
A00073,A00048,50.0,2024-01-10 22:11:00+00:00
A00073,A00057,50.0,2024-01-23 06:05:00+00:00
A00073,A00142,54.26326962373029,2023-10-15 14:13:00+00:00
A00073,A00070,50.0,2023-12-21 13:46:00+00:00
A00073,A00167,75.93410056330569,2023-10-19 10:08:00+00:00
A00073,A00091,50.0,2023-10-17 18:13:00+00:00
A00073,A00161,50.0,2024-01-24 16:50:00+00:00
A00074,A00040,35.66689168140651,2023-11-24 17:39:00+00:00
A00074,A00084,33.94790314047663,2024-01-30 09:18:00+00:00
A00074,A00175,10.071688081378143,2024-02-18 02:53:00+00:00
A00075,A00128,19.162374132917748,2024-01-01 05:51:00+00:00
A00075,A00123,17.097465094033602,2023-10-14 20:31:00+00:00
A00075,A00106,33.17342908676137,2024-02-09 16:13:00+00:00
A00075,A00018,14.673479352372713,2024-01-03 19:43:00+00:00
A00075,A00136,20.33024600864063,2023-12-15 06:07:00+00:00
A00075,A00128,40.6952052225013,2024-01-19 11:42:00+00:00
A00075,A00108,11.808306634933524,2024-01-02 19:17:00+00:00
A00075,A00058,24.882221403796,2023-10-08 20:38:00+00:00
A00075,A00127,20.416884820193705,2024-03-17 15:28:00+00:00
A00076,A00188,17.576146038018187,2024-02-24 16:27:00+00:00
A00076,A00008,21.85064603961214,2024-01-23 12:02:00+00:00
A00076,A00059,38.814689401529755,2023-11-28 19:55:00+00:00
A00077,A00189,14.89187995420172,2023-12-17 18:09:00+00:00
A00077,A00040,45.62807992658411,2024-02-21 00:18:00+00:00
A00077,A00174,25.12038457746596,2023-11-30 12:06:00+00:00
A00077,A00175,10.94668104794264,2024-01-31 02:07:00+00:00
A00077,A00149,29.899793405265328,2024-02-24 05:49:00+00:00
A00077,A00014,27.366837461199378,2023-10-25 15:22:00+00:00
A00077,A00162,17.136546422334405,2024-01-09 07:19:00+00:00
A00077,A00155,14.328768184986792,2023-12-28 01:50:00+00:00
A00077,A00166,25.40077244230529,2024-02-09 10:08:00+00:00
A00078,A00003,50.0,2024-03-10 14:17:00+00:00
A00078,A00064,50.0,2024-01-08 15:20:00+00:00
A00078,A00070,50.0,2024-01-07 16:51:00+00:00
A00078,A00144,69.00412961763742,2023-10-23 11:56:00+00:00
A00078,A00114,66.71811258015295,2023-12-29 23:28:00+00:00
A00078,A00150,50.0,2024-02-21 04:29:00+00:00
A00078,A00057,50.0,2023-12-02 01:56:00+00:00
A00078,A00091,97.95882981327263,2023-10-18 06:50:00+00:00
A00078,A00104,50.0,2024-03-21 23:03:00+00:00
A00078,A00153,61.83821465609646,2024-02-12 11:07:00+00:00
A00078,A00073,76.00891475825317,2023-10-22 16:45:00+00:00
A00078,A00123,50.0,2023-11-08 05:02:00+00:00
A00078,A00000,72.59054498395172,2023-11-06 18:45:00+00:00
A00078,A00057,50.0,2023-11-13 11:11:00+00:00
A00078,A00196,50.0,2024-03-20 07:20:00+00:00
A00078,A00052,50.0,2023-12-28 21:49:00+00:00
A00078,A00079,50.0,2023-10-08 17:39:00+00:00
A00078,A00001,79.05822095778846,2023-12-30 02:48:00+00:00
A00079,A00100,47.243103531937564,2024-01-31 20:18:00+00:00
A00079,A00171,22.933019318024506,2023-10-09 08:48:00+00:00
A00079,A00064,27.687063085710555,2024-03-19 12:55:00+00:00
A00079,A00044,15.503156912685888,2024-01-06 14:13:00+00:00
A00079,A00075,22.65825486094626,2023-11-21 21:33:00+00:00
A00079,A00046,16.538863059379892,2023-12-30 17:55:00+00:00
A00079,A00092,12.904702975287007,2024-02-28 04:37:00+00:00
A00079,A00020,36.99934745951598,2024-03-24 06:20:00+00:00
A00079,A00178,48.17261242599466,2023-10-23 00:03:00+00:00
A00079,A00054,12.394477457626008,2024-03-02 17:57:00+00:00
A00080,A00144,20.390738165640975,2024-01-06 16:28:00+00:00
A00080,A00011,30.062606435703668,2023-12-19 20:02:00+00:00
A00080,A00123,22.26519638186407,2024-01-22 04:25:00+00:00
A00080,A00192,9.899890481868004,2023-12-08 00:34:00+00:00
A00080,A00167,5.492738283838253,2023-11-23 07:09:00+00:00
A00080,A00034,10.548949750394158,2024-02-20 13:36:00+00:00
A00080,A00140,5.388591633489523,2023-12-02 05:16:00+00:00
A00080,A00048,34.544204423847376,2023-12-23 00:16:00+00:00
A00081,A00087,15.047847432825707,2024-03-19 21:56:00+00:00
A00081,A00048,12.89564720161637,2023-10-27 17:54:00+00:00
A00081,A00058,22.97325500244701,2023-12-21 13:58:00+00:00
A00082,A00138,16.4519510311958,2024-02-13 16:32:00+00:00
A00082,A00167,14.491345567090992,2023-11-14 09:15:00+00:00
A00082,A00018,30.43747664497488,2024-02-09 09:56:00+00:00
A00083,A00157,18.34323488138442,2024-01-26 21:32:00+00:00
A00083,A00174,21.594395908107963,2023-10-19 05:37:00+00:00
A00083,A00145,14.770228506639386,2024-02-19 08:01:00+00:00
A00083,A00067,13.248085592928534,2024-01-13 19:29:00+00:00
A00083,A00146,6.655370950778107,2023-10-26 23:42:00+00:00
A00083,A00155,31.81296169349437,2023-10-14 14:35:00+00:00
A00083,A00121,21.262815885029145,2024-01-18 21:38:00+00:00
A00084,A00050,22.272706912705164,2024-02-03 09:31:00+00:00
A00084,A00002,29.355188182146495,2024-01-15 14:11:00+00:00
A00084,A00197,20.680174798490658,2024-02-21 00:07:00+00:00
A00084,A00001,13.840622072809307,2024-02-25 20:00:00+00:00
A00084,A00168,8.5973267121062,2024-01-26 01:36:00+00:00
A00084,A00054,14.54453447623233,2024-03-04 10:52:00+00:00
A00085,A00020,14.53975097515596,2024-03-12 03:14:00+00:00
A00085,A00172,48.79634664890654,2024-03-04 20:38:00+00:00
A00085,A00072,33.12509522507465,2023-10-28 00:27:00+00:00
A00085,A00107,14.363494670410414,2024-01-31 18:41:00+00:00
A00085,A00031,23.204513673471492,2023-10-30 14:38:00+00:00
A00085,A00040,22.877660705352536,2023-11-19 16:30:00+00:00
A00086,A00056,19.314665312194375,2024-03-17 07:51:00+00:00
A00086,A00166,16.89799950862302,2023-12-12 14:25:00+00:00
A00087,A00156,6.204258099149942,2024-03-22 16:02:00+00:00
A00087,A00170,23.74209423830374,2023-11-02 13:34:00+00:00
A00087,A00125,13.029856885458367,2024-01-08 02:39:00+00:00
A00087,A00068,22.290880485359438,2023-11-27 00:39:00+00:00
A00087,A00161,23.010176656219386,2024-03-21 07:01:00+00:00
A00088,A00186,35.8396715603552,2024-03-07 03:14:00+00:00
A00088,A00074,8.300795249825219,2024-01-15 00:05:00+00:00
A00088,A00058,9.723186255104615,2023-12-25 23:56:00+00:00
A00088,A00142,11.61083237304159,2024-01-03 12:41:00+00:00
A00089,A00108,19.727276934494622,2024-01-27 10:07:00+00:00
A00089,A00021,11.056710147200201,2023-10-04 15:12:00+00:00
A00089,A00140,21.5736259409038,2023-11-25 02:09:00+00:00
A00089,A00108,27.633410078038604,2023-11-06 18:58:00+00:00
A00089,A00130,25.80123186445993,2023-12-19 21:29:00+00:00
A00089,A00097,13.54622788970434,2024-01-01 15:44:00+00:00
A00089,A00084,14.725433971829093,2024-02-01 13:01:00+00:00
A00089,A00126,7.465930673432857,2023-12-11 09:31:00+00:00
A00089,A00190,29.193764094468143,2024-01-19 23:51:00+00:00
A00090,A00151,10.861508431339788,2024-03-21 13:08:00+00:00
A00090,A00007,25.74781094414743,2024-01-02 22:19:00+00:00
A00090,A00004,75.35209087366268,2023-12-24 05:38:00+00:00
A00090,A00063,9.473655449209849,2024-03-23 20:42:00+00:00
A00090,A00116,8.634094495087242,2024-01-04 13:02:00+00:00
A00090,A00139,35.55497229523301,2023-11-24 19:01:00+00:00
A00090,A00148,23.650859456780566,2023-10-08 08:04:00+00:00
A00091,A00011,118.79576545909505,2023-10-12 15:33:00+00:00
A00091,A00011,50.0,2024-02-09 23:47:00+00:00
A00091,A00182,50.0,2023-12-15 18:33:00+00:00
A00091,A00009,65.61946661290915,2023-10-17 11:58:00+00:00
A00091,A00191,50.0,2023-11-19 11:04:00+00:00
A00091,A00042,91.5031827649553,2023-10-07 06:22:00+00:00
A00091,A00073,50.0,2024-03-10 13:00:00+00:00
A00091,A00153,50.0,2023-12-19 09:11:00+00:00
A00091,A00064,79.66683680811363,2023-10-18 03:46:00+00:00
A00091,A00101,76.04120583058764,2024-03-24 12:37:00+00:00
A00091,A00170,71.7709942830625,2024-01-27 11:46:00+00:00
A00091,A00041,105.16830260728895,2024-01-14 06:03:00+00:00
A00091,A00151,97.99676291988956,2023-11-28 13:22:00+00:00
A00091,A00104,50.0,2024-01-08 19:16:00+00:00
A00091,A00036,50.0,2024-03-01 20:28:00+00:00
A00091,A00132,59.14755657170995,2023-12-16 03:12:00+00:00
A00091,A00193,59.834197960932755,2024-01-12 11:10:00+00:00
A00091,A00153,50.0,2023-12-26 19:15:00+00:00
A00092,A00187,32.70492073097812,2023-11-14 15:08:00+00:00
A00092,A00172,14.04184183216335,2024-01-10 16:01:00+00:00
A00092,A00123,23.761818390149955,2024-03-15 17:19:00+00:00
A00093,A00119,30.40896362286178,2023-12-12 04:44:00+00:00
A00093,A00052,18.230334376323317,2023-10-22 18:14:00+00:00
A00093,A00064,9.595900533844254,2024-01-26 17:48:00+00:00
A00093,A00020,22.848385112520383,2023-12-26 21:38:00+00:00
A00093,A00052,42.12406844212198,2024-01-23 09:02:00+00:00
A00093,A00080,15.81108502168745,2023-10-14 12:06:00+00:00
A00094,A00155,13.687824224517302,2024-03-09 10:54:00+00:00
A00094,A00021,11.976536035650682,2024-03-19 13:17:00+00:00
A00094,A00190,14.18613932932442,2024-03-14 11:42:00+00:00
A00094,A00033,43.752522588718406,2024-01-28 05:05:00+00:00
A00094,A00097,12.401937124426977,2024-02-04 20:00:00+00:00
A00094,A00078,32.070633851559414,2023-12-19 19:36:00+00:00
A00096,A00049,7.12271914946195,2023-11-28 02:51:00+00:00
A00096,A00120,16.20749900338564,2023-11-10 06:23:00+00:00
A00096,A00156,22.03099682828661,2024-01-06 01:05:00+00:00
A00096,A00171,11.86410506762469,2024-01-05 21:23:00+00:00
A00097,A00119,13.181307911773175,2023-12-01 12:36:00+00:00
A00097,A00148,24.661366798920525,2023-12-10 10:18:00+00:00
A00097,A00012,15.029748674629476,2023-12-10 15:06:00+00:00
A00097,A00016,13.261596874942596,2023-12-07 00:35:00+00:00
A00097,A00174,61.59417377615091,2023-11-18 10:12:00+00:00
A00097,A00041,16.360326398996726,2023-11-03 22:08:00+00:00
A00097,A00100,5.973857469645978,2024-01-19 19:11:00+00:00
A00097,A00040,19.784803968184725,2023-11-18 11:14:00+00:00
A00097,A00046,23.197931573057,2023-12-27 11:46:00+00:00
A00098,A00072,13.237879886655541,2023-11-08 09:09:00+00:00
A00098,A00053,17.522576227327637,2023-11-25 01:16:00+00:00
A00098,A00086,24.108457342034978,2023-12-16 18:52:00+00:00
A00098,A00161,28.11893261925964,2024-03-08 17:07:00+00:00
A00098,A00017,18.500389386270886,2024-01-18 09:06:00+00:00
A00098,A00027,16.916584129643226,2023-11-09 17:36:00+00:00
A00099,A00137,53.642814327054175,2024-02-09 19:32:00+00:00
A00099,A00043,23.317140322914803,2023-10-22 13:32:00+00:00
A00099,A00164,14.622282152601858,2024-03-23 20:53:00+00:00
A00099,A00023,25.832731080546203,2024-03-13 09:49:00+00:00
A00100,A00170,30.160611430075452,2023-12-09 03:04:00+00:00
A00100,A00121,55.08921609867585,2024-01-16 02:59:00+00:00
A00100,A00118,22.379792715172496,2023-10-16 14:51:00+00:00
A00100,A00015,21.335629102787486,2023-10-04 21:45:00+00:00
A00100,A00026,43.54457157895375,2024-01-24 09:57:00+00:00
A00101,A00015,94.29539335740897,2024-03-23 10:46:00+00:00
A00101,A00035,50.0,2024-01-06 07:07:00+00:00
A00101,A00009,63.72729310086632,2024-02-10 06:59:00+00:00
A00101,A00159,147.63626221949707,2023-10-06 01:46:00+00:00
A00101,A00199,50.0,2024-02-02 17:43:00+00:00
A00101,A00153,50.0,2023-10-04 12:44:00+00:00
A00101,A00033,50.0,2023-11-06 01:47:00+00:00
A00101,A00174,50.0,2024-01-17 00:39:00+00:00
A00101,A00132,160.11004392938054,2024-03-29 17:14:00+00:00
A00101,A00027,57.96190646234744,2023-11-06 07:49:00+00:00
A00101,A00078,70.88123781623601,2023-11-25 15:20:00+00:00
A00101,A00137,106.56092226522983,2023-12-09 04:42:00+00:00
A00101,A00009,50.0,2024-02-25 19:47:00+00:00
A00101,A00033,56.07200102022767,2024-03-23 01:14:00+00:00
A00101,A00042,50.0,2023-10-19 15:49:00+00:00
A00101,A00169,57.39038995107538,2023-12-04 16:30:00+00:00
A00101,A00025,50.0,2024-03-25 14:45:00+00:00
A00101,A00064,156.6044552488357,2024-03-23 00:26:00+00:00
A00102,A00045,50.0,2023-11-30 17:25:00+00:00
A00102,A00077,50.0,2023-10-24 19:53:00+00:00
A00102,A00035,85.82558114822594,2023-11-02 05:27:00+00:00
A00102,A00009,50.0,2024-01-08 03:23:00+00:00
A00102,A00074,58.48188502847478,2024-01-11 17:31:00+00:00
A00102,A00168,55.84926866429338,2023-12-20 09:51:00+00:00
A00102,A00047,62.05475833832134,2023-11-24 22:21:00+00:00
A00102,A00009,50.0,2024-01-30 17:08:00+00:00
A00102,A00011,50.0,2023-12-28 17:21:00+00:00
A00102,A00003,50.0,2024-02-16 23:07:00+00:00
A00102,A00058,101.162291036007,2023-10-12 19:22:00+00:00
A00102,A00004,50.0,2023-11-06 18:41:00+00:00
A00102,A00140,57.08798945113329,2023-10-10 02:11:00+00:00
A00102,A00114,61.3908538202392,2024-02-10 10:18:00+00:00
A00102,A00186,53.71050675051346,2023-11-30 14:28:00+00:00
A00102,A00072,84.1667362875615,2024-01-07 16:27:00+00:00
A00102,A00169,50.0,2024-01-15 22:14:00+00:00
A00103,A00194,25.388667124304778,2024-03-01 15:39:00+00:00
A00103,A00140,20.013358530289565,2023-12-16 08:56:00+00:00
A00103,A00092,27.317160566419957,2024-02-08 05:26:00+00:00
A00104,A00162,50.0,2024-01-16 03:05:00+00:00
A00104,A00014,50.0,2023-11-03 18:20:00+00:00
A00104,A00196,50.0,2024-02-07 05:52:00+00:00
A00104,A00174,117.46059523390973,2024-01-19 04:41:00+00:00
A00104,A00115,50.0,2023-12-05 10:08:00+00:00
A00104,A00004,69.94105890581125,2024-02-15 19:35:00+00:00
A00104,A00102,122.74731580507023,2024-01-04 00:23:00+00:00
A00104,A00091,50.0,2024-02-12 16:11:00+00:00
A00104,A00146,50.0,2023-11-01 20:38:00+00:00
A00104,A00039,50.0,2023-10-08 10:12:00+00:00
A00104,A00057,50.0,2024-03-30 02:47:00+00:00
A00104,A00011,50.81479380929494,2024-03-07 12:31:00+00:00
A00105,A00014,19.020397460054035,2023-12-05 13:02:00+00:00
A00105,A00023,33.68260824231135,2023-12-18 06:50:00+00:00
A00105,A00039,14.490902002151559,2023-12-01 00:35:00+00:00
A00106,A00180,36.84392324763579,2024-02-10 17:01:00+00:00
A00106,A00168,14.327001311034588,2024-03-17 03:21:00+00:00
A00106,A00167,20.43146692491477,2024-03-03 10:46:00+00:00
A00106,A00102,11.662482091022028,2023-10-29 16:02:00+00:00
A00106,A00127,11.67077012006141,2023-10-29 18:58:00+00:00
A00107,A00011,92.79791221454431,2024-01-20 11:16:00+00:00
A00107,A00057,73.13691638624957,2023-11-12 00:49:00+00:00
A00107,A00100,75.05025798245309,2024-01-13 13:01:00+00:00
A00107,A00182,63.293708827120795,2023-12-12 15:54:00+00:00
A00107,A00038,68.25284554323194,2024-03-04 19:33:00+00:00
A00107,A00042,50.0,2023-11-12 00:15:00+00:00
A00108,A00138,17.07496342374244,2023-11-19 11:28:00+00:00
A00108,A00067,63.44655013850007,2024-03-02 20:31:00+00:00
A00108,A00179,12.651191435617102,2024-01-09 17:40:00+00:00
A00108,A00101,23.690720244415484,2024-01-03 23:12:00+00:00
A00108,A00064,13.148203771111314,2023-10-26 12:32:00+00:00
A00109,A00005,26.295638945620418,2024-02-17 11:31:00+00:00
A00109,A00051,29.040359449872216,2023-12-06 01:48:00+00:00
A00109,A00182,35.536714231508746,2024-03-13 06:23:00+00:00
A00109,A00064,18.330185309735647,2023-12-01 02:11:00+00:00
A00109,A00031,7.519124533922275,2024-01-01 04:47:00+00:00
A00109,A00127,16.451622483687075,2023-10-05 21:33:00+00:00
A00109,A00057,23.334325546191767,2023-10-21 08:00:00+00:00
A00109,A00013,20.63441293121785,2023-11-20 23:33:00+00:00
A00109,A00120,86.63274038912458,2024-02-28 14:24:00+00:00
A00109,A00176,6.256250848700924,2024-03-22 16:36:00+00:00
A00109,A00026,39.44351958704514,2023-12-18 07:43:00+00:00
A00109,A00133,24.785840799323832,2023-11-11 04:08:00+00:00
A00110,A00183,17.262253359864804,2024-03-16 05:42:00+00:00
A00110,A00194,10.24979373404251,2024-01-13 06:31:00+00:00
A00110,A00123,28.248200438980202,2023-12-15 22:24:00+00:00
A00110,A00112,19.544495036548582,2023-12-05 21:56:00+00:00
A00110,A00026,17.81517356173922,2024-01-13 11:55:00+00:00
A00110,A00144,18.989311467365134,2024-03-14 11:39:00+00:00
A00111,A00196,28.54486031644647,2023-12-27 05:46:00+00:00
A00111,A00193,15.618556560582391,2024-03-14 18:08:00+00:00
A00111,A00140,10.750645028199576,2023-11-04 01:23:00+00:00
A00111,A00181,15.187954340223923,2024-03-03 07:50:00+00:00
A00111,A00146,23.808191054722144,2024-03-04 16:31:00+00:00
A00112,A00061,10.338166417228564,2024-01-13 18:13:00+00:00
A00112,A00057,20.878853643345085,2023-12-08 08:36:00+00:00
A00112,A00155,42.81116732344251,2023-12-18 10:01:00+00:00
A00112,A00168,14.780660358855185,2024-01-11 22:08:00+00:00
A00112,A00176,9.504214886297977,2023-11-03 19:53:00+00:00
A00113,A00019,14.512176168387038,2024-02-27 21:14:00+00:00
A00113,A00040,22.16830644671834,2024-03-07 20:35:00+00:00
A00113,A00110,13.378327160910944,2024-01-13 06:25:00+00:00
A00113,A00157,39.93554291906902,2023-12-30 23:33:00+00:00
A00113,A00026,32.38313420764317,2023-10-05 16:09:00+00:00
A00113,A00072,30.24675245570306,2024-02-02 19:52:00+00:00
A00113,A00186,43.3352312630434,2024-01-27 16:35:00+00:00
A00114,A00011,50.0,2023-10-04 06:13:00+00:00
A00114,A00157,52.77703060261746,2024-03-24 12:40:00+00:00
A00114,A00115,50.0,2024-02-28 11:28:00+00:00
A00114,A00011,50.0,2023-10-04 08:00:00+00:00
A00114,A00153,50.0,2024-01-18 22:23:00+00:00
A00114,A00064,57.5279827731476,2023-12-17 20:00:00+00:00
A00114,A00078,50.0,2024-01-07 08:26:00+00:00
A00114,A00104,50.0,2024-03-07 16:46:00+00:00
A00114,A00102,50.0,2024-02-18 14:10:00+00:00
A00114,A00042,63.400317847168864,2023-10-05 20:58:00+00:00
A00114,A00169,50.0,2023-10-10 03:18:00+00:00
A00115,A00062,27.79846443658461,2023-11-13 18:08:00+00:00
A00115,A00109,12.703836599085278,2023-12-20 10:15:00+00:00
A00115,A00060,13.251210356024444,2023-12-25 03:29:00+00:00
A00116,A00101,31.018321070759377,2023-12-18 14:37:00+00:00
A00116,A00007,31.300855161713272,2024-01-25 06:10:00+00:00
A00116,A00072,27.080836111496936,2024-02-28 02:46:00+00:00
A00116,A00112,14.98563642050772,2023-12-01 16:27:00+00:00
A00116,A00027,33.10435536065822,2023-11-16 04:10:00+00:00
A00116,A00187,17.840327855923963,2023-12-16 11:17:00+00:00
A00116,A00167,54.39420794445224,2023-10-06 22:28:00+00:00
A00116,A00078,13.69008305485303,2024-02-03 19:07:00+00:00
A00116,A00017,15.25979255986018,2023-11-04 02:18:00+00:00
A00116,A00185,30.87028107188354,2023-10-08 02:32:00+00:00
A00117,A00128,15.696513047481352,2023-12-08 15:45:00+00:00
A00117,A00120,41.33939840323302,2024-02-10 09:36:00+00:00
A00117,A00101,17.4705836944724,2024-03-22 02:44:00+00:00
A00117,A00091,17.463620974266647,2024-01-14 20:04:00+00:00
A00118,A00139,21.111182539334855,2024-01-04 12:38:00+00:00
A00118,A00152,8.7593544320477,2023-11-12 00:20:00+00:00
A00118,A00060,33.93629095063572,2024-02-20 21:44:00+00:00
A00118,A00054,15.904441990062868,2024-03-20 02:21:00+00:00
A00118,A00031,26.594409510578885,2023-11-15 02:21:00+00:00
A00119,A00149,27.199919312491566,2024-03-12 00:08:00+00:00
A00119,A00117,23.153876658416657,2024-03-14 14:35:00+00:00
A00119,A00194,22.396751807581214,2023-12-20 12:13:00+00:00
A00119,A00056,6.291407393577443,2023-10-19 02:39:00+00:00
A00119,A00045,11.788802512471028,2024-01-24 07:47:00+00:00
A00119,A00111,21.243532017936776,2024-02-19 20:05:00+00:00
A00119,A00032,48.05372167490879,2023-11-17 02:05:00+00:00
A00120,A00137,35.143539738764666,2023-10-23 09:05:00+00:00
A00120,A00027,50.247526713543884,2023-12-26 15:06:00+00:00
A00120,A00166,18.670721267407274,2023-11-06 05:38:00+00:00
A00121,A00009,50.0,2024-03-14 04:44:00+00:00
A00121,A00114,99.98502829858148,2023-11-27 16:41:00+00:00
A00121,A00054,50.0,2023-10-09 00:00:00+00:00
A00121,A00004,82.19848366539993,2023-11-02 12:17:00+00:00
A00121,A00169,50.0,2024-01-24 22:04:00+00:00
A00121,A00063,50.0,2023-12-25 01:59:00+00:00
A00121,A00070,69.03725475388582,2023-12-25 09:16:00+00:00
A00121,A00042,86.09911415760607,2023-12-19 13:58:00+00:00
A00121,A00042,68.68778975515512,2023-10-28 06:53:00+00:00
A00121,A00024,50.0,2023-10-28 07:48:00+00:00
A00121,A00174,124.66518703024293,2024-01-22 21:47:00+00:00
A00121,A00053,52.89886286481996,2024-03-24 09:04:00+00:00
A00122,A00156,48.39082560297921,2024-01-05 02:26:00+00:00
A00122,A00146,13.463478427030909,2023-10-28 23:25:00+00:00
A00122,A00056,19.457599483356447,2023-11-01 07:35:00+00:00
A00122,A00145,19.660043146378623,2023-11-25 20:15:00+00:00
A00122,A00135,20.676780741956026,2024-01-03 19:33:00+00:00
A00123,A00122,19.423747764509823,2024-03-21 16:02:00+00:00
A00123,A00181,15.094235097105134,2024-02-22 08:45:00+00:00
A00123,A00063,43.51236210822688,2023-12-30 14:59:00+00:00
A00123,A00059,30.131514866396742,2023-12-03 01:23:00+00:00
A00123,A00074,38.271229722012926,2023-10-08 13:46:00+00:00
A00123,A00157,32.589926497276274,2023-11-19 19:22:00+00:00
A00123,A00129,18.092960181892764,2023-10-13 04:43:00+00:00
A00123,A00158,57.68907366607,2024-03-03 23:23:00+00:00
A00123,A00060,8.75617062539052,2024-03-26 03:37:00+00:00
A00124,A00008,49.889954807545585,2024-01-26 19:42:00+00:00
A00124,A00133,23.998739655443867,2024-02-24 03:34:00+00:00
A00124,A00130,22.398605564379185,2024-03-22 22:12:00+00:00
A00124,A00063,26.17854934648125,2023-12-02 23:16:00+00:00
A00124,A00061,24.683062259558756,2024-02-10 01:45:00+00:00
A00124,A00075,49.632863002387154,2023-10-25 19:01:00+00:00
A00124,A00015,18.01089859743496,2024-02-13 08:07:00+00:00
A00124,A00103,11.648570648035768,2023-10-26 10:02:00+00:00
A00125,A00061,13.566710651983753,2024-01-21 18:45:00+00:00
A00125,A00194,21.887586943556144,2024-02-25 20:48:00+00:00
A00125,A00172,26.486246810613032,2024-03-03 03:43:00+00:00
A00125,A00155,8.310666480915657,2024-02-17 04:10:00+00:00
A00125,A00099,17.341049283366043,2024-01-21 03:18:00+00:00
A00125,A00021,18.573697826296108,2023-12-29 08:54:00+00:00
A00125,A00069,38.63497349872379,2023-12-20 04:39:00+00:00
A00125,A00083,29.06843624598552,2024-01-13 12:16:00+00:00
A00125,A00027,30.209896759633978,2023-10-23 04:23:00+00:00
A00125,A00000,8.585031295035238,2023-11-28 02:04:00+00:00
A00126,A00055,17.64238282134805,2023-11-17 18:21:00+00:00
A00126,A00186,47.62287691536735,2023-11-26 08:38:00+00:00
A00126,A00103,21.155471896647754,2023-12-13 03:56:00+00:00
A00126,A00145,15.885797721293825,2024-02-05 23:49:00+00:00
A00126,A00124,27.72443413637371,2024-03-18 15:27:00+00:00
A00127,A00090,12.081295567386553,2023-12-19 12:03:00+00:00
A00127,A00186,17.77796489458991,2024-03-23 17:24:00+00:00
A00127,A00181,8.117161705693697,2024-02-14 14:39:00+00:00
A00127,A00034,27.667731208821017,2024-03-20 15:49:00+00:00
A00127,A00165,11.990716316733781,2023-11-17 06:46:00+00:00
A00127,A00185,35.04665777353326,2024-02-01 20:18:00+00:00
A00128,A00193,13.340248480378058,2024-03-14 00:51:00+00:00
A00128,A00047,43.214836005196695,2024-02-29 11:30:00+00:00
A00128,A00086,24.138899985211065,2023-12-22 13:46:00+00:00
A00128,A00132,7.028594424205754,2023-12-18 11:30:00+00:00
A00128,A00148,27.460648285410887,2023-11-27 09:28:00+00:00
A00128,A00013,31.268641974163526,2023-10-12 17:46:00+00:00
A00129,A00058,33.30579872472648,2023-11-30 15:05:00+00:00
A00129,A00149,39.28088279960612,2023-11-24 12:02:00+00:00
A00129,A00064,37.16759414807275,2024-01-14 13:34:00+00:00
A00129,A00103,46.64226663370822,2024-02-13 23:17:00+00:00
A00129,A00174,27.624028416994843,2024-03-24 02:25:00+00:00
A00129,A00147,19.424957935552253,2024-01-05 04:01:00+00:00
A00129,A00111,7.414151866714832,2024-01-05 05:39:00+00:00
A00130,A00035,7.205364652600736,2023-10-19 15:49:00+00:00
A00130,A00025,16.286592565313878,2023-12-24 08:10:00+00:00
A00130,A00149,22.74865080087465,2023-10-13 09:55:00+00:00
A00130,A00007,22.271842646585416,2023-10-30 07:50:00+00:00
A00130,A00143,29.056593151876093,2023-10-20 17:17:00+00:00
A00130,A00061,20.50894957696792,2024-03-05 06:18:00+00:00
A00131,A00118,72.33179733640138,2024-01-12 13:12:00+00:00
A00131,A00007,16.826738971035727,2023-12-31 02:28:00+00:00
A00131,A00118,13.04060194766025,2023-12-21 02:51:00+00:00
A00131,A00176,28.93221691716395,2023-12-05 05:16:00+00:00
A00131,A00146,23.515762228817113,2024-03-24 20:29:00+00:00
A00131,A00010,16.47908811213148,2023-12-23 11:05:00+00:00
A00132,A00083,39.790826793150515,2024-03-13 01:06:00+00:00
A00132,A00036,8.57536336395954,2023-11-14 21:59:00+00:00
A00132,A00138,15.936182563670519,2023-12-04 15:41:00+00:00
A00132,A00191,12.091861183765797,2024-01-31 05:15:00+00:00
A00133,A00087,13.727578074305761,2023-11-25 22:54:00+00:00
A00133,A00119,19.772269283975834,2024-03-04 03:34:00+00:00
A00133,A00010,13.14163826392334,2024-03-11 16:27:00+00:00
A00133,A00045,16.779957424742424,2023-11-03 15:01:00+00:00
A00133,A00009,23.348988627884236,2023-11-18 12:23:00+00:00
A00133,A00127,23.924427599904973,2023-12-01 02:23:00+00:00
A00133,A00059,12.157821427676874,2024-02-03 07:57:00+00:00
A00133,A00086,19.292185650604566,2023-10-20 18:06:00+00:00
A00134,A00017,13.24303788238131,2024-01-21 11:30:00+00:00
A00134,A00167,11.710223339423079,2024-01-29 00:14:00+00:00
A00134,A00062,26.96580763338867,2023-11-12 21:10:00+00:00
A00134,A00166,42.880039312504515,2024-03-01 18:47:00+00:00
A00134,A00147,24.0207772441367,2023-11-16 22:49:00+00:00
A00135,A00182,14.056072464469098,2024-03-20 09:35:00+00:00
A00135,A00061,46.76283748612018,2024-01-26 12:55:00+00:00
A00135,A00140,47.68216287477445,2023-11-27 14:19:00+00:00
A00135,A00089,20.845531777505087,2024-01-24 23:09:00+00:00
A00135,A00094,24.457668269544623,2023-11-04 01:11:00+00:00
A00135,A00024,19.28409397087622,2023-12-17 23:08:00+00:00
A00135,A00159,14.369876183797599,2023-12-25 23:51:00+00:00
A00135,A00052,16.435862193219943,2023-11-24 10:05:00+00:00
A00136,A00137,14.027792700633197,2023-12-08 06:08:00+00:00
A00136,A00058,17.898871880231155,2023-12-25 18:06:00+00:00
A00136,A00092,15.40039029140552,2024-01-15 18:32:00+00:00
A00136,A00126,25.58326241118253,2024-02-15 01:12:00+00:00
A00136,A00030,24.638337230278804,2024-01-15 20:54:00+00:00
A00136,A00126,17.220417855791066,2023-10-11 02:29:00+00:00
A00136,A00131,26.243246196286787,2023-12-06 11:56:00+00:00
A00136,A00080,37.13241289925022,2023-11-01 19:33:00+00:00
A00136,A00163,7.074427281907263,2023-12-21 02:56:00+00:00
A00137,A00155,14.994614970387392,2023-11-21 09:28:00+00:00
A00137,A00188,19.641180530916913,2024-03-10 18:57:00+00:00
A00137,A00144,10.9466026398574,2024-02-07 11:41:00+00:00
A00137,A00102,18.418202149259844,2024-03-09 00:45:00+00:00
A00137,A00093,27.211881061974292,2024-02-01 20:01:00+00:00
A00137,A00012,35.356835379123844,2024-02-06 07:11:00+00:00
A00137,A00054,29.228348346371547,2024-03-15 03:28:00+00:00
A00137,A00167,28.521623026341754,2023-10-25 04:03:00+00:00
A00138,A00160,11.432398222924144,2023-11-18 19:04:00+00:00
A00138,A00051,27.78828128050497,2024-02-19 03:59:00+00:00
A00138,A00008,29.33251813256667,2023-10-28 10:39:00+00:00
A00139,A00071,22.475468106648677,2024-03-08 22:34:00+00:00
A00139,A00041,25.603581968021302,2023-10-14 03:41:00+00:00
A00139,A00114,15.368692052383722,2023-10-18 20:00:00+00:00
A00140,A00176,24.02816800717212,2024-03-01 21:54:00+00:00
A00140,A00114,18.222395360645145,2023-10-19 10:26:00+00:00
A00140,A00193,19.451144498537815,2023-12-05 07:58:00+00:00
A00140,A00103,18.9515453769651,2023-11-12 00:16:00+00:00
A00140,A00005,22.36185468906739,2024-01-09 22:42:00+00:00
A00140,A00183,31.018298242952625,2023-11-25 09:58:00+00:00
A00140,A00036,15.9942652639431,2023-12-26 21:06:00+00:00
A00140,A00067,28.178898936150595,2024-02-24 19:47:00+00:00
A00140,A00057,17.767123041875205,2024-03-08 08:12:00+00:00
A00141,A00098,16.211972258420513,2024-02-19 22:19:00+00:00
A00141,A00128,13.326652182444432,2023-10-04 08:41:00+00:00
A00141,A00047,15.891479353354201,2024-02-04 08:35:00+00:00
A00141,A00165,11.275730004280335,2024-02-01 22:35:00+00:00
A00141,A00154,11.615025347128658,2024-03-26 09:17:00+00:00
A00142,A00117,23.317308136570993,2024-02-24 08:09:00+00:00
A00142,A00072,30.33719457066916,2023-11-02 14:01:00+00:00
A00142,A00066,30.204877694056112,2023-11-20 11:03:00+00:00
A00143,A00104,12.497663909311564,2023-10-07 09:05:00+00:00
A00143,A00094,48.1192160281909,2023-11-26 08:17:00+00:00
A00143,A00083,13.426056057296218,2023-12-28 12:31:00+00:00
A00144,A00083,33.31701510005125,2023-11-21 08:48:00+00:00
A00144,A00115,23.956806606738276,2023-12-07 01:04:00+00:00
A00144,A00115,15.101956678645042,2024-02-06 18:45:00+00:00
A00144,A00142,29.603233898842834,2024-02-22 21:43:00+00:00
A00145,A00137,39.88621246705821,2023-11-09 05:12:00+00:00
A00145,A00179,18.89024276995991,2023-11-14 02:52:00+00:00
A00145,A00180,21.045487932209145,2024-03-10 12:06:00+00:00
A00145,A00036,42.871060917741744,2024-01-11 18:03:00+00:00
A00145,A00050,27.14137076174294,2023-12-20 05:49:00+00:00
A00145,A00010,12.478919366742344,2024-01-25 21:45:00+00:00
A00145,A00122,20.878924629288516,2024-03-08 19:51:00+00:00
A00145,A00190,9.173651642887833,2023-12-16 11:07:00+00:00
A00145,A00121,24.268363724801546,2024-03-07 20:45:00+00:00
A00145,A00102,19.433778067656434,2024-02-16 03:58:00+00:00
A00146,A00128,25.161820287055107,2024-02-09 00:22:00+00:00
A00146,A00021,26.5300104559322,2024-03-01 14:56:00+00:00
A00147,A00016,10.301187866700186,2024-03-13 12:00:00+00:00
A00147,A00089,23.136104164648735,2024-03-24 20:31:00+00:00
A00147,A00077,17.368263921746074,2024-03-02 01:16:00+00:00
A00147,A00005,10.539364098868255,2023-11-06 04:23:00+00:00
A00147,A00188,22.954029369784564,2024-03-19 06:38:00+00:00
A00147,A00053,29.232118626093783,2023-10-04 17:02:00+00:00
A00147,A00162,28.477389401459135,2024-01-08 11:07:00+00:00
A00148,A00004,11.625737927066051,2024-02-18 08:26:00+00:00
A00148,A00191,13.313313420007047,2024-01-22 10:57:00+00:00
A00148,A00145,26.294623484194855,2023-11-12 20:29:00+00:00
A00148,A00012,18.071974577397075,2024-02-12 21:26:00+00:00
A00149,A00146,29.03860833534268,2024-03-26 00:25:00+00:00
A00149,A00175,11.637054991471143,2024-01-09 03:55:00+00:00
A00149,A00103,14.60825493060619,2023-12-29 16:38:00+00:00
A00149,A00106,7.933863117695735,2024-02-05 21:37:00+00:00
A00149,A00064,44.612953126177054,2024-02-13 15:33:00+00:00
A00150,A00186,16.804231309716535,2024-02-03 12:31:00+00:00
A00150,A00143,19.169233473976153,2024-03-05 12:11:00+00:00
A00150,A00095,15.414890283167619,2024-03-23 06:04:00+00:00
A00150,A00193,9.419338332496153,2024-02-19 22:15:00+00:00
A00151,A00102,23.589379880129155,2024-01-25 11:21:00+00:00
A00151,A00124,10.647602524327931,2023-11-24 05:29:00+00:00
A00151,A00145,47.052186136509015,2023-12-09 10:57:00+00:00
A00151,A00196,15.731360198154139,2024-03-18 12:49:00+00:00
A00151,A00170,39.43142842472877,2024-01-30 00:29:00+00:00
A00152,A00145,23.401665162574016,2024-01-05 04:24:00+00:00
A00152,A00005,8.96805771114922,2023-11-19 08:47:00+00:00
A00152,A00119,19.158962901796396,2024-01-25 08:08:00+00:00
A00152,A00132,24.77425442731485,2023-11-13 12:47:00+00:00
A00152,A00197,11.75256599009213,2024-02-29 10:29:00+00:00
A00152,A00111,18.41858766907325,2023-11-30 20:06:00+00:00
A00152,A00010,42.207993414347854,2023-10-12 12:24:00+00:00
A00153,A00112,50.0,2024-02-26 15:54:00+00:00
A00153,A00022,50.0,2023-11-04 12:06:00+00:00
A00153,A00033,50.0,2023-10-27 03:45:00+00:00
A00153,A00182,102.95721802469289,2024-03-01 09:13:00+00:00
A00153,A00174,50.0,2023-12-30 14:21:00+00:00
A00153,A00154,50.0,2023-10-29 15:06:00+00:00
A00153,A00015,50.0,2023-10-30 21:09:00+00:00
A00153,A00191,50.0,2024-02-03 19:36:00+00:00
A00153,A00107,50.0,2023-11-13 22:50:00+00:00
A00153,A00042,50.0,2023-10-31 14:38:00+00:00
A00153,A00121,83.68675565146708,2024-01-24 13:15:00+00:00
A00153,A00073,191.99831447386435,2024-02-26 12:55:00+00:00
A00153,A00110,97.53272037370705,2023-10-11 11:25:00+00:00
A00153,A00033,92.40176685795198,2024-02-16 13:04:00+00:00
A00153,A00042,50.0,2023-10-17 11:35:00+00:00
A00154,A00035,7.442966479880008,2023-12-07 11:23:00+00:00
A00154,A00100,14.805348657373417,2023-12-27 23:25:00+00:00
A00155,A00020,27.22732418632124,2024-01-01 07:15:00+00:00
A00155,A00028,28.707530294139865,2023-11-27 05:07:00+00:00
A00155,A00024,13.42097325219081,2023-10-27 19:33:00+00:00
A00155,A00015,10.249288616909059,2024-01-01 09:53:00+00:00
A00155,A00196,23.497239863951155,2023-10-27 00:18:00+00:00
A00155,A00033,36.794386282893285,2023-11-16 13:00:00+00:00
A00155,A00170,10.396134350948758,2024-01-26 13:41:00+00:00
A00155,A00179,29.607092879192365,2024-03-30 03:31:00+00:00
A00155,A00110,12.16899703297881,2024-02-26 09:54:00+00:00
A00156,A00086,13.787775707862611,2024-01-18 02:37:00+00:00
A00156,A00074,40.476214331734816,2023-11-13 22:20:00+00:00
A00156,A00043,11.34939103438995,2024-03-08 17:05:00+00:00
A00156,A00076,27.18354563899173,2024-02-23 22:48:00+00:00
A00156,A00084,35.08299880819441,2023-11-09 19:40:00+00:00
A00156,A00158,17.45917760721763,2023-10-18 12:17:00+00:00
A00157,A00016,50.0,2024-01-28 22:23:00+00:00
A00157,A00045,50.0,2023-10-25 02:31:00+00:00
A00157,A00118,50.0,2024-03-27 14:12:00+00:00
A00157,A00153,50.0,2023-10-11 07:44:00+00:00
A00157,A00091,50.0,2023-10-07 22:55:00+00:00
A00157,A00033,66.4914702697367,2024-03-08 14:01:00+00:00
A00157,A00107,65.54316045687386,2024-01-09 12:02:00+00:00
A00157,A00158,67.37024508425847,2023-12-25 17:04:00+00:00
A00157,A00104,50.0,2023-11-12 19:01:00+00:00
A00157,A00072,50.0,2024-03-27 11:36:00+00:00
A00157,A00106,64.42225602549183,2024-01-22 20:10:00+00:00
A00157,A00161,55.71793545781828,2024-03-25 22:35:00+00:00
A00157,A00121,50.0,2023-11-07 10:33:00+00:00
A00158,A00175,20.862195534728812,2023-10-23 03:12:00+00:00
A00159,A00148,17.5254254421186,2024-03-24 10:17:00+00:00
A00159,A00109,22.1569719671816,2023-11-20 06:37:00+00:00
A00159,A00161,13.478463641838315,2024-01-05 15:59:00+00:00
A00159,A00057,11.77740157710927,2024-03-24 12:51:00+00:00
A00159,A00172,17.465296376717244,2023-11-27 01:07:00+00:00
A00159,A00021,51.975872865747476,2024-03-19 18:43:00+00:00
A00159,A00183,22.701016130582108,2023-11-19 10:32:00+00:00
A00159,A00095,36.27457252699656,2023-10-08 08:17:00+00:00
A00159,A00037,35.886080905369475,2024-02-22 08:34:00+00:00
A00160,A00197,27.55602577735422,2024-02-10 13:10:00+00:00
A00160,A00141,23.21912332467219,2024-02-29 13:16:00+00:00
A00160,A00198,22.223372007106917,2024-03-29 18:24:00+00:00
A00160,A00168,17.803563343495018,2024-01-22 20:37:00+00:00
A00160,A00043,13.73442253741108,2024-02-28 04:03:00+00:00
A00161,A00009,53.10547405453468,2024-01-02 14:56:00+00:00
A00161,A00091,50.0,2023-11-28 20:05:00+00:00
A00161,A00157,50.0,2024-03-18 17:48:00+00:00
A00161,A00034,50.0,2023-10-09 18:06:00+00:00
A00161,A00107,77.83572918561087,2023-10-27 03:13:00+00:00
A00161,A00088,50.0,2023-11-16 17:47:00+00:00
A00161,A00009,50.0,2023-11-04 15:34:00+00:00
A00161,A00087,50.0,2023-11-19 07:11:00+00:00
A00161,A00045,50.0,2023-10-27 03:14:00+00:00
A00161,A00057,50.0,2023-12-07 21:53:00+00:00
A00161,A00069,50.0,2023-11-20 08:39:00+00:00
A00161,A00011,100.37254454609631,2024-03-06 12:20:00+00:00
A00161,A00121,50.0,2023-11-04 20:35:00+00:00
A00161,A00072,50.0,2024-03-15 19:30:00+00:00
A00161,A00172,99.28535745533662,2023-11-11 22:34:00+00:00
A00161,A00033,50.0,2024-02-29 09:50:00+00:00
A00162,A00025,33.92340314237158,2024-02-02 05:42:00+00:00
A00162,A00042,31.839481947070592,2024-02-15 09:59:00+00:00
A00162,A00038,13.777588293962392,2023-10-30 07:46:00+00:00
A00162,A00011,13.799729444250172,2024-03-22 22:02:00+00:00
A00162,A00153,19.64101233586486,2023-11-04 00:41:00+00:00
A00163,A00169,11.56728742110449,2023-11-30 06:06:00+00:00
A00163,A00119,21.494906592384993,2024-03-10 11:18:00+00:00
A00163,A00010,33.29313042938272,2023-12-09 07:07:00+00:00
A00163,A00170,29.210317101490237,2024-02-24 17:54:00+00:00
A00163,A00116,47.63900995789796,2024-01-16 17:51:00+00:00
A00164,A00109,22.430674877210162,2024-02-26 05:13:00+00:00
A00164,A00010,30.23691845343793,2024-01-20 19:24:00+00:00
A00164,A00022,7.004654133386267,2024-03-01 09:21:00+00:00
A00164,A00027,8.056955267386433,2024-01-14 00:56:00+00:00
A00164,A00053,32.19410756568867,2024-03-09 22:52:00+00:00
A00164,A00096,10.747272145931634,2023-12-05 03:09:00+00:00
A00165,A00178,20.307126917381645,2023-10-13 04:53:00+00:00
A00165,A00105,42.805741940156565,2024-02-15 23:49:00+00:00
A00165,A00166,42.129908174810346,2023-10-10 21:10:00+00:00
A00165,A00006,24.538435722292363,2023-10-15 04:56:00+00:00
A00165,A00073,21.445880874448477,2024-03-30 15:37:00+00:00
A00166,A00187,25.867381584830497,2023-12-30 11:22:00+00:00
A00166,A00003,13.955363278614714,2024-03-27 00:00:00+00:00
A00166,A00070,33.04717176916879,2023-11-20 13:22:00+00:00
A00166,A00007,22.81682894555929,2023-12-07 05:48:00+00:00
A00166,A00151,22.03063405702319,2024-03-19 23:22:00+00:00
A00167,A00164,40.26031497872903,2024-02-26 03:28:00+00:00
A00167,A00038,36.64360313566635,2024-02-21 23:25:00+00:00
A00167,A00021,23.536996264570565,2024-01-07 03:22:00+00:00
A00167,A00065,34.72917826680806,2023-12-08 12:01:00+00:00
A00167,A00089,24.946979430865746,2024-01-02 12:04:00+00:00
A00167,A00198,11.202496510608974,2023-11-24 12:09:00+00:00
A00167,A00086,36.201988434075375,2023-10-06 14:49:00+00:00
A00168,A00100,24.51653019334903,2023-11-06 17:33:00+00:00
A00168,A00154,15.727022064868532,2024-03-01 08:06:00+00:00
A00168,A00136,24.052948973421984,2024-02-01 16:20:00+00:00
A00169,A00107,50.0,2023-12-04 18:25:00+00:00
A00169,A00009,118.04061938512196,2023-12-05 10:01:00+00:00
A00169,A00078,50.0,2024-02-27 14:54:00+00:00
A00169,A00067,50.0,2023-10-23 16:33:00+00:00
A00169,A00021,50.0,2024-01-14 10:09:00+00:00
A00169,A00133,50.0,2024-02-01 15:48:00+00:00
A00169,A00182,50.0,2023-12-03 01:02:00+00:00
A00169,A00033,50.0,2023-10-11 20:00:00+00:00
A00169,A00101,50.0,2023-12-29 22:13:00+00:00
A00169,A00161,50.0,2023-11-25 15:22:00+00:00
A00169,A00073,77.40542307810318,2023-12-27 22:49:00+00:00
A00169,A00102,50.0,2024-02-22 05:54:00+00:00
A00169,A00170,72.83006305278231,2023-10-28 02:13:00+00:00
A00170,A00044,34.04803429816142,2023-11-14 02:10:00+00:00
A00170,A00008,79.46856345895235,2023-11-08 20:11:00+00:00
A00170,A00077,21.925347540505538,2023-10-12 22:28:00+00:00
A00170,A00171,10.294783190430095,2024-03-08 20:48:00+00:00
A00170,A00009,16.002198845293375,2023-12-20 05:31:00+00:00
A00170,A00088,18.00542967971745,2024-03-07 01:20:00+00:00
A00171,A00024,16.998252838701486,2024-02-12 03:25:00+00:00
A00171,A00027,12.10796283360686,2024-01-20 23:13:00+00:00
A00171,A00058,11.510278097070511,2023-12-01 19:26:00+00:00
A00171,A00136,48.671021300938,2024-01-23 12:23:00+00:00
A00171,A00067,21.225320231556104,2023-11-27 10:23:00+00:00
A00171,A00023,25.886211797436612,2024-03-18 09:51:00+00:00
A00172,A00081,27.395363332687847,2024-03-11 16:54:00+00:00
A00172,A00044,33.787613890887805,2024-03-09 20:01:00+00:00
A00172,A00174,12.823176765496486,2023-11-20 03:22:00+00:00
A00173,A00018,10.421893745636618,2023-12-17 06:09:00+00:00
A00173,A00075,15.225510650460164,2024-03-05 02:02:00+00:00
A00173,A00032,44.682339866335155,2024-01-04 01:54:00+00:00
A00173,A00027,23.80419747653634,2024-02-20 05:04:00+00:00
A00173,A00036,23.127012635745015,2024-01-12 06:17:00+00:00
A00173,A00098,17.723759488000695,2023-10-16 05:03:00+00:00
A00173,A00037,11.76371650292071,2023-12-30 01:16:00+00:00
A00173,A00125,21.728596811527826,2023-12-14 21:35:00+00:00
A00173,A00027,20.1480130947433,2024-02-02 07:11:00+00:00
A00174,A00153,50.0,2023-12-30 05:19:00+00:00
A00174,A00106,50.0,2024-03-13 18:30:00+00:00
A00174,A00101,109.77787542472939,2023-12-01 04:16:00+00:00
A00174,A00102,136.26770991480439,2023-10-17 20:38:00+00:00
A00174,A00121,67.17950343906428,2024-03-07 21:59:00+00:00
A00174,A00073,50.0,2023-10-03 17:53:00+00:00
A00174,A00078,75.76604405603945,2023-10-27 06:04:00+00:00
A00174,A00015,50.0,2024-01-29 19:37:00+00:00
A00174,A00101,50.0,2024-02-03 19:16:00+00:00
A00174,A00091,50.0,2024-03-18 09:20:00+00:00
A00174,A00193,50.0,2024-02-29 17:09:00+00:00
A00174,A00009,50.0,2024-02-29 01:49:00+00:00
A00174,A00091,50.0,2024-03-07 04:39:00+00:00
A00174,A00042,50.0,2023-11-13 03:31:00+00:00
A00174,A00101,70.12419908517938,2023-12-13 05:12:00+00:00
A00175,A00015,10.478635400586734,2024-01-07 03:01:00+00:00
A00175,A00072,10.643713707164089,2024-03-29 10:09:00+00:00
A00175,A00079,23.184360318617433,2024-01-18 21:31:00+00:00
A00175,A00103,13.360628171686242,2023-11-28 19:08:00+00:00
A00175,A00044,11.785648165273747,2024-01-30 04:53:00+00:00
A00175,A00020,52.466965924634096,2024-01-06 07:43:00+00:00
A00176,A00124,10.897707981772642,2024-01-22 20:56:00+00:00
A00176,A00014,33.08934779020383,2023-12-17 19:24:00+00:00
A00176,A00136,17.20883809055579,2023-11-21 21:13:00+00:00
A00176,A00131,13.035011540607417,2024-01-06 04:40:00+00:00
A00176,A00051,10.967810229898909,2024-02-14 10:44:00+00:00
A00177,A00109,8.112315645274823,2024-02-10 11:39:00+00:00
A00177,A00072,11.830662814962103,2024-03-20 10:59:00+00:00
A00177,A00198,13.418398799010948,2024-01-13 22:46:00+00:00
A00177,A00102,8.61632958889981,2024-03-28 15:03:00+00:00
A00177,A00063,26.571792909339973,2024-02-01 17:49:00+00:00
A00177,A00178,22.060074527224533,2024-03-23 05:24:00+00:00
A00177,A00088,16.079623137050376,2023-12-09 16:22:00+00:00
A00177,A00129,12.785599790163932,2023-10-05 03:24:00+00:00
A00177,A00121,10.11045739915243,2023-10-04 02:45:00+00:00
A00178,A00058,23.944531074847337,2024-01-29 16:59:00+00:00
A00178,A00125,27.064436743748587,2023-11-07 16:55:00+00:00
A00178,A00104,14.62682360310548,2024-03-11 22:27:00+00:00
A00178,A00014,24.798248899038708,2024-03-14 16:22:00+00:00
A00179,A00048,22.952094550238908,2024-03-10 06:16:00+00:00
A00179,A00143,12.243817353216594,2023-10-16 21:59:00+00:00
A00179,A00079,19.737022662528087,2024-02-27 13:07:00+00:00
A00180,A00182,60.967558710807516,2023-11-05 19:05:00+00:00
A00180,A00126,20.174391833341442,2023-11-28 06:10:00+00:00
A00180,A00125,32.94798382958675,2023-12-28 03:49:00+00:00
A00180,A00188,14.767165400933113,2024-01-06 08:13:00+00:00
A00180,A00178,18.83186549147001,2023-12-05 09:59:00+00:00
A00180,A00102,23.815272301153307,2024-03-15 10:05:00+00:00
A00180,A00058,30.21788551776708,2024-01-12 14:32:00+00:00
A00180,A00108,16.230070440548577,2023-12-13 00:32:00+00:00
A00180,A00156,30.653996639276173,2024-03-19 07:31:00+00:00
A00181,A00086,35.71639476176618,2023-10-16 21:28:00+00:00
A00181,A00122,21.9627394999969,2024-02-22 16:49:00+00:00
A00181,A00062,37.136762878439995,2024-02-20 10:11:00+00:00
A00181,A00164,69.5881962145778,2023-12-07 05:22:00+00:00
A00181,A00175,22.928659978294462,2024-01-14 09:08:00+00:00
A00181,A00047,26.224120639888696,2024-03-14 03:41:00+00:00
A00182,A00060,73.9715901584122,2023-10-23 04:46:00+00:00
A00182,A00033,50.0,2023-10-09 10:25:00+00:00
A00182,A00014,54.574378053664645,2023-11-21 07:10:00+00:00
A00182,A00078,84.6989478437068,2024-03-04 10:15:00+00:00
A00182,A00189,106.86539451039445,2024-02-04 02:54:00+00:00
A00182,A00097,50.0,2024-01-09 01:35:00+00:00
A00182,A00115,100.61703801790809,2023-10-23 10:24:00+00:00
A00182,A00004,50.0,2024-01-19 16:56:00+00:00
A00182,A00014,50.0,2024-03-06 08:53:00+00:00
A00182,A00161,312.89127993706865,2023-10-17 14:29:00+00:00
A00182,A00078,178.52876744113215,2024-01-12 04:37:00+00:00
A00182,A00072,81.2352209285908,2024-02-15 21:16:00+00:00
A00182,A00102,124.2012912459816,2023-12-30 16:52:00+00:00
A00183,A00131,7.321066893316152,2024-02-04 17:09:00+00:00
A00183,A00080,21.596513140524596,2023-10-23 14:30:00+00:00
A00183,A00068,35.052506352519224,2023-10-21 06:32:00+00:00
A00183,A00196,7.594813905947389,2023-11-18 12:25:00+00:00
A00183,A00184,21.423042511603974,2024-01-29 23:49:00+00:00
A00183,A00063,12.520579755644922,2023-12-04 08:53:00+00:00
A00184,A00017,12.655688297673272,2024-03-22 00:32:00+00:00
A00184,A00131,29.480765574258733,2023-10-11 00:03:00+00:00
A00184,A00124,10.840089018619475,2024-03-11 09:03:00+00:00
A00185,A00055,9.537022113326104,2024-01-01 00:48:00+00:00
A00185,A00012,19.166423441209382,2023-11-21 20:32:00+00:00
A00185,A00170,13.323833583156482,2024-02-28 02:46:00+00:00
A00185,A00188,35.48846664045442,2023-10-26 09:26:00+00:00
A00185,A00181,20.368843575794568,2023-12-10 14:42:00+00:00
A00185,A00029,18.061552992997736,2023-11-01 17:38:00+00:00
A00186,A00008,42.610774397049724,2023-12-14 08:26:00+00:00
A00186,A00174,9.869245728697756,2023-12-06 11:30:00+00:00
A00186,A00197,15.509169967137833,2024-03-01 03:11:00+00:00
A00186,A00019,11.800066793821951,2024-02-19 17:59:00+00:00
A00186,A00127,13.532257510414262,2023-11-02 21:02:00+00:00
A00186,A00198,22.59422020150271,2024-01-31 03:02:00+00:00
A00186,A00059,10.351206824582263,2024-01-19 12:18:00+00:00
A00186,A00061,31.81715882655129,2023-12-18 05:39:00+00:00
A00186,A00125,17.276003190557063,2024-01-21 12:12:00+00:00
A00187,A00034,19.17925677115614,2023-12-20 18:28:00+00:00
A00187,A00180,10.533973094760535,2023-12-17 00:47:00+00:00
A00187,A00122,44.03272987251594,2024-02-05 13:29:00+00:00
A00187,A00191,20.78680736569535,2023-12-08 23:06:00+00:00
A00187,A00016,14.590705543139022,2023-12-25 18:54:00+00:00
A00187,A00161,12.865575699699257,2024-01-29 14:37:00+00:00
A00187,A00195,16.957496537150398,2024-03-24 22:23:00+00:00
A00187,A00146,44.25507499241287,2023-10-25 18:09:00+00:00
A00187,A00009,17.85773653626952,2024-02-24 02:19:00+00:00
A00187,A00069,10.16818605623886,2023-10-06 15:49:00+00:00
A00187,A00031,48.12701838237651,2024-03-25 00:46:00+00:00
A00187,A00057,12.491157860916939,2024-02-11 16:37:00+00:00
A00188,A00026,16.58653804470927,2023-11-25 01:16:00+00:00
A00188,A00054,18.880611082711034,2023-10-20 13:19:00+00:00
A00188,A00184,20.427105009596474,2024-02-26 09:29:00+00:00
A00188,A00096,51.4979049641711,2023-12-13 16:47:00+00:00
A00188,A00086,16.18361317480201,2023-10-31 09:00:00+00:00
A00189,A00134,64.51374274063879,2023-11-06 13:28:00+00:00
A00189,A00000,51.676206268380064,2024-01-26 13:25:00+00:00
A00189,A00102,28.249280362460762,2023-12-23 18:49:00+00:00
A00189,A00070,26.276634985458102,2024-03-19 11:00:00+00:00
A00189,A00125,31.88721333807059,2023-11-22 10:35:00+00:00
A00189,A00096,14.773550121490256,2024-01-06 01:13:00+00:00
A00189,A00050,14.084931019654633,2024-01-11 22:23:00+00:00
A00189,A00055,29.299182716122186,2024-01-10 22:53:00+00:00
A00190,A00198,70.2674264035784,2023-12-06 00:12:00+00:00
A00190,A00014,16.58653974638959,2023-11-05 18:39:00+00:00
A00190,A00191,10.415682122031491,2024-02-02 23:53:00+00:00
A00190,A00073,13.201623297442882,2024-01-15 14:44:00+00:00
A00190,A00165,39.536351363760964,2023-10-05 20:56:00+00:00
A00191,A00056,20.01491022922726,2023-11-24 03:09:00+00:00
A00191,A00136,18.032852093775634,2023-10-16 09:07:00+00:00
A00191,A00080,21.903629411479383,2023-12-05 08:29:00+00:00
A00192,A00100,12.451751194567017,2023-10-26 03:24:00+00:00
A00192,A00081,22.29254707188337,2024-01-24 21:16:00+00:00
A00192,A00131,18.54484934908675,2024-01-18 14:41:00+00:00
A00192,A00147,46.33008227954199,2023-10-25 11:23:00+00:00
A00192,A00008,48.416884014569945,2023-11-25 11:24:00+00:00
A00192,A00078,9.455185683727269,2023-10-21 15:50:00+00:00
A00192,A00018,20.042810409528663,2023-11-08 03:37:00+00:00
A00193,A00106,25.875640728964136,2024-03-01 12:55:00+00:00
A00193,A00051,25.164353092059788,2023-12-15 03:15:00+00:00
A00193,A00116,8.741863678689764,2024-01-29 15:31:00+00:00
A00193,A00143,33.938929169637944,2024-03-07 17:27:00+00:00
A00193,A00188,16.792103027613425,2023-10-14 00:56:00+00:00
A00193,A00009,45.20898051740223,2023-10-23 16:53:00+00:00
A00193,A00143,45.03272264300238,2024-02-25 15:55:00+00:00
A00193,A00133,17.098417626313754,2024-01-28 23:11:00+00:00
A00193,A00147,26.922223570919616,2024-02-04 07:06:00+00:00
A00193,A00153,13.89619319864533,2023-12-13 04:09:00+00:00
A00193,A00077,33.27265519392951,2024-03-21 21:00:00+00:00
A00194,A00043,13.164571983252232,2024-03-03 02:40:00+00:00
A00194,A00012,43.23204740672091,2024-02-12 18:51:00+00:00
A00194,A00025,33.1784568143103,2024-02-15 13:40:00+00:00
A00194,A00155,14.670400987147545,2024-03-06 12:57:00+00:00
A00194,A00086,19.102995963960783,2024-02-11 14:38:00+00:00
A00194,A00022,12.140092002946382,2023-10-30 02:41:00+00:00
A00195,A00191,17.178216523995555,2023-11-02 19:47:00+00:00
A00195,A00021,9.181474124991865,2023-12-15 22:31:00+00:00
A00195,A00070,33.54738754449537,2023-11-20 16:31:00+00:00
A00195,A00047,10.2127376569513,2023-12-20 14:44:00+00:00
A00195,A00106,24.378849577340368,2024-01-17 21:56:00+00:00
A00195,A00047,39.94084391291451,2023-11-06 05:34:00+00:00
A00195,A00191,11.606985106938332,2024-01-25 18:10:00+00:00
A00195,A00121,30.31361802590772,2023-12-22 08:40:00+00:00
A00195,A00014,28.264184992041354,2024-02-11 19:46:00+00:00
A00196,A00015,60.610770176692476,2023-10-26 21:29:00+00:00
A00196,A00034,73.80691366487548,2024-03-13 13:42:00+00:00
A00196,A00013,50.0,2023-10-10 04:38:00+00:00
A00196,A00153,64.28170403544125,2024-02-21 03:53:00+00:00
A00196,A00144,63.31101362812665,2024-01-16 01:36:00+00:00
A00196,A00057,61.93428332740027,2023-12-29 09:45:00+00:00
A00196,A00054,62.786247393168,2024-02-12 20:33:00+00:00
A00196,A00129,53.54991247818602,2023-11-19 15:39:00+00:00
A00196,A00097,50.0,2023-12-29 15:38:00+00:00
A00196,A00126,50.0,2024-01-29 11:55:00+00:00
A00197,A00105,52.54778244149481,2024-01-11 13:41:00+00:00
A00197,A00085,13.635715838471329,2023-10-16 23:16:00+00:00
A00197,A00049,9.417200544561995,2023-12-19 02:01:00+00:00
A00197,A00165,13.45655711105169,2024-03-02 16:05:00+00:00
A00197,A00188,7.107098619030538,2023-10-13 22:14:00+00:00
A00197,A00189,17.113217150568328,2024-01-30 17:29:00+00:00
A00198,A00050,66.37915539236255,2024-01-22 21:49:00+00:00
A00198,A00038,24.25313886820451,2024-01-26 04:07:00+00:00
A00199,A00025,41.43705084142203,2023-12-14 13:44:00+00:00
A00199,A00179,18.472587919658043,2023-12-21 19:19:00+00:00
A00199,A00125,41.99626449376797,2024-01-08 00:38:00+00:00
A00199,A00032,13.540600967748352,2024-01-17 20:17:00+00:00
A00199,A00017,17.94748332053656,2023-11-12 05:39:00+00:00
A00199,A00034,13.181503502805922,2023-12-02 00:50:00+00:00
A00199,A00113,38.2868657283349,2024-01-30 06:53:00+00:00
A00199,A00087,10.536279135914228,2024-01-06 16:39:00+00:00
